date,abd_v10,abd_v25,acth_v10,acth_v25,agrn_v25,arm6_v10,bel2_v10,bel2_v25,bex_v25,bir1_v10,bir1_v25,birt_v10,birt_v25,blc2_v25,bple_v10,bple_v25,brs8_v10,brs8_v25,burw_v10,ca1_v10,ca1_v25,card_v10,card_v25,carl_v10,carl_v25,chat_v10,chat_v25,chlg_v10,chlg_v25,chp_v10,chp_v25,chs7_v10,chs7_v25,cll2_v10,cll2_v25,coal_v25,dery_v10,dery_v25,ea8_v10,eb_v10,eb_v25,eccl_v10,eccl_v25,ed3_v10,ed3_v25,ghsr_v10,ghsr_v25,glkp_v10,glkp_v25,gran_v10,gran_v25,har_v10,har_v25,hg1_v25,hope_v10,hope_v25,hr3_v25,hrl_v10,hrl_v25,hul2_v25,hulr_v10,kc1_v10,kc1_v25,leam_v10,leam_v25,lear_v10,lear_v25,lecu_v25,led6_v10,led6_v25,leed_v10,leed_v25,leir_v10,ln_v10,lon6_v25,lvp_v10,lvp_v25,man3_v25,mid_v10,mid_v25,my1_v10,my1_v25,newc_v10,newc_v25,no12_v10,no12_v25,nott_v10,nott_v25,npt3_v10,npt3_v25,ox8_v10,ox8_v25,pemb_v10,plym_v10,plym_v25,pmth_v10,pmth_v25,pres_v25,pt4_v10,pt4_v25,rea1_v10,rea1_v25,roch_v10,roch_v25,sash_v10,sash_v25,scn2_v10,sdy_v10,sdy_v25,send_v25,shdg_v10,shdg_v25,sk5_v10,sout_v10,sout_v25,stkr_v10,stok_v25,stor_v10,stor_v25,sun2_v25,ted2_v25,thur_v10,tran_v25,war_v10,war_v25,wig5_v25,yk10_v10,yk10_v25,yk11_v10,yk11_v25
01/07/2015,3.558333,7.116667,5.695833,0.878261,3.845833,1.791667,5.458333,3.5875,4.5625,NA,NA,1.641667,2.75,1.65,4.570833,2.966667,2.608333,2.279167,3.183333,1.3875,0.991304,2.179167,2.320833,4.395833,2.4875,3.283333,2.725,3.720833,1.529167,1.1,2.670833,3.141667,2.4,NA,NA,3.533333,2.6,1.9,3.904348,NA,NA,1.9875,1.7875,NA,2.258333,4.116667,0.991667,NA,2.666667,NA,6.4125,7.320833,3.445833,3.283333,7.495833,2.029167,3.195833,6.126087,4.45,NA,NA,4.170833,1.158333,4.6125,5.116667,3.341667,4.258333,2.766667,NA,NA,NA,NA,NA,NA,NA,3.041667,2.5625,2.241667,4.466667,4.7625,2.7,2.145833,NA,NA,4.479167,4.3,4.516667,NA,1.75,1.716667,2.054167,2.2125,NA,3.15,NA,1.225,NA,3.016667,2.895833,1.958333,NA,0.3125,NA,NA,NA,2.258333,4.321739,2.191667,1.625,3.225,5.0125,3.216667,4.316667,1.045833,0.7875,3.221739,3.695833,NA,NA,NA,NA,5.85,3.591667,NA,NA,2.229167,NA,NA,NA,NA
02/07/2015,2.722727,2.657895,3.258333,0.169565,3,-0.720833,3.941667,2.9,4.3125,NA,NA,-0.041667,1.904167,0.3,4.3875,1.875,1.720833,2.054167,3.095833,0.45,1.158333,1.9625,0.775,3.754167,1.883333,2.916667,2.341667,3.125,1.066667,1.408333,3.05,2.991667,1.1875,NA,NA,1.569565,1.741667,0.991667,6.6875,NA,NA,1.620833,0.775,NA,1.695833,3.591667,1.458333,NA,2.2875,NA,5,6.1,3.152174,2.479167,4.954167,0.077273,3.304167,5.733333,4.2625,NA,NA,4.458333,1.370833,3.408333,3.929167,2.041667,3.404167,1.775,NA,NA,NA,NA,NA,-0.491667,NA,2.108333,1.983333,2.466667,3.404167,3.020833,1.658333,1.066667,NA,NA,3.766667,3.7375,3.116667,NA,1.375,1.670833,1.785714,2.05,NA,2.4875,1.654167,NA,NA,2.575,2.404167,0.7625,NA,NA,NA,NA,NA,0.933333,2.15,1.366667,1.25,1.708333,4.316667,2.1125,3.791667,2.570833,1.975,1.833333,3.025,NA,NA,NA,NA,6.666667,2.7,NA,NA,1.475,NA,NA,NA,NA
03/07/2015,1.5125,1.008333,2.8,0.2375,4.425,-0.575,4.583333,3.075,4.545833,NA,NA,1.329167,2.85,0.970833,3.958333,2.491667,2.754167,3.091667,3.020833,1.0125,1.704167,2.833333,2.391667,2.854167,2.1375,3.9625,2.983333,2.054167,1.166667,2.308333,3.529167,2.816667,1.7375,NA,NA,3.2375,NA,NA,4.3625,NA,NA,2.45,1.8,NA,1.516667,3.7125,1.716667,NA,1.3375,NA,3.5375,5.204167,2.4875,3.170833,5.175,0.504762,3.625,5.633333,4.245833,NA,NA,4.25,2.054167,4.1375,4.404167,2.8125,4.370833,3.179167,NA,NA,NA,NA,NA,1.754167,NA,2.204167,2.3375,2.2125,2.7625,2.229167,1.7125,2.025,NA,NA,4.758333,4.604167,3.841667,NA,2.045833,2.145833,2.458333,1.929167,NA,4.366667,2.970833,NA,NA,3.675,3.345833,1.516667,NA,NA,4.163158,NA,NA,2.929167,3.133333,1.008333,1.691667,2.683333,4.129167,2.804167,3.23913,1.845833,2.183333,2.991667,3.491667,NA,NA,NA,NA,5.017391,2.041667,3.7,2.191667,2.958333,NA,NA,NA,NA
04/07/2015,2.433333,1.8125,3.766667,0.652632,3.920833,-0.095833,3.458333,2.6375,6.166667,NA,NA,1.541667,2.8,1.1125,3.7125,1.870833,2.691667,2.5625,2.670833,3.658333,2.720833,2.529167,1.329167,2.983333,1.954167,5.366667,3.55,3,2.259091,2.025,3.341667,3.470833,2.491667,NA,NA,2.920833,NA,1.233333,7.433333,NA,NA,2.4375,1.475,NA,1.3875,3.2625,1.879167,NA,1.8,NA,NA,5.7,3.0875,4.9,6.616667,1.595833,4.016667,7.954167,6.4875,NA,NA,6.758333,3.591667,4.791304,4.208696,3.45,4.095833,3.620833,NA,NA,NA,NA,NA,1.473913,6.333333,2.5875,2.0625,1.333333,3.879167,3.254167,3.6,3.979167,NA,NA,5.433333,4.904167,3.633333,NA,1.8375,1.508333,1.725,2.670833,NA,3.633333,1.979167,NA,2.695833,3.329167,2.275,0.870833,NA,1.572727,4.358333,2.383333,NA,1.654167,3.454167,2.65,2.4875,2.945833,4.779167,3.333333,4.195833,2.779167,1.1625,2.358333,3.2625,NA,NA,NA,NA,5.7625,1.695833,2.920833,1.420833,1.679167,NA,NA,NA,NA
05/07/2015,2.266667,2.666667,2.241667,0.258333,3.204167,-0.5875,3.820833,2.508333,4.166667,NA,NA,0.604167,2.341667,1.066667,3.579167,2.316667,2.458333,2.9,2.75,0.865217,0.686957,2.604167,1.6375,3.513636,1.691304,2.808333,2.229167,2.366667,1.366667,1.654167,2.695833,2.4,1.691667,NA,NA,2.8,NA,1.1,4.682609,NA,NA,2.108333,1.479167,NA,1.3875,2.3875,1.825,NA,1.554167,NA,NA,4.4125,1.945833,2.55,3.775,0.133333,3.270833,4.7625,3.558333,NA,NA,3.979167,1.173913,3.1875,3.945833,2.079167,2.804167,2.2875,NA,NA,NA,NA,NA,1.108333,3.254167,1.6625,1.975,1.604167,3.370833,2.75,2.295833,1.216667,NA,NA,4.6875,4.583333,3.333333,NA,1.666667,1.6125,1.825,2.358333,NA,4.0125,2.166667,NA,3.104167,3.521739,3.025,1.604167,NA,0.520833,3.404167,1.221739,NA,2.175,2.4375,0.979167,1.695833,1.534783,3.45,2.0625,3.886957,1.725,1.429167,1.333333,3.008333,NA,NA,1.591667,NA,2.858333,1.554167,3.1625,1.391667,1.875,NA,NA,NA,NA
06/07/2015,2.075,2.291667,2.2375,0.059091,3.579167,0.083333,4.766667,2.820833,4.1375,NA,NA,0.570833,1.866667,0.895833,5.05,2.454167,2.279167,2.783333,3.0125,1.233333,1.5625,2.508333,1.475,3.0875,1.6,2.895833,2.333333,1.9625,1.295833,NA,NA,2.079167,1.445833,NA,NA,2.504167,NA,2.43913,4.070833,NA,NA,2.204167,1.25,NA,1.1375,4.120833,2.577273,NA,1.775,NA,NA,3.4875,1.804167,2.891667,3.45,0.741667,2.895833,4.508333,3.6125,NA,NA,4,1.691667,3.408333,3.775,1.891667,3.295833,2.658333,NA,NA,NA,NA,NA,-0.141667,3.779167,1.791667,2.254167,1.525,2.95,2.508333,2.279167,1.895833,NA,NA,3.120833,3.258333,2.770833,NA,1.920833,2.133333,1.879167,1.441667,NA,3.870833,2.695833,NA,2.595833,3.308333,3.6,1.179167,NA,0.525,3.566667,1.375,NA,NA,NA,NA,NA,1.95,3.675,1.804167,1.028571,1.5375,1.433333,2.283333,2.030435,NA,NA,1.4,NA,3.2625,NA,3.154167,1.725,1.820833,NA,NA,NA,NA
07/07/2015,2.395833,2.845833,2.591667,0.125,3.779167,-0.654167,4.195833,2.56087,4.2375,NA,NA,0.7625,2.158333,0.379167,4.183333,2.095833,2.5,2.525,3.45,0.916667,1.095833,3.1875,1.504167,3.225,1.620833,2.3875,3.05,2.65,1.383333,NA,NA,2.6125,1.4,NA,NA,2.691667,1.475,0.895833,6.104167,NA,NA,1.883333,1.154167,NA,1.270833,3.491667,1.9125,NA,1.358333,NA,3.3875,3.654167,2.533333,2.654167,3.408333,0.633333,3.0625,4.7625,3.254167,NA,NA,4.226087,1.320833,3.466667,4.216667,2.633333,3.375,2.775,0.75,2.45,NA,3.025,NA,NA,3.079167,NA,NA,1.083333,3.96087,3.2375,2.391667,1.6375,NA,NA,4.554167,4.070833,3.170833,NA,2.079167,1.416667,2.475,2.308333,NA,3.508333,1.95,1.354167,2.45,3.1875,3.070833,1.391667,NA,0.925,2.491667,0.970833,NA,NA,NA,NA,NA,1.9125,3.8,1.879167,1.642857,2.216667,1.283333,2.3,2.583333,NA,NA,1.75,NA,2.645833,NA,3.141667,1.579167,1.908333,1.2125,2.491667,2.283333,4.154167
08/07/2015,-0.183333,0.191667,1.365,-0.419048,1.933333,-2.116667,3.925,1.6625,2.895833,NA,NA,-0.933333,0.608333,-0.3625,3.6125,1.354167,1.054167,1.575,1.3875,-0.095833,-0.065217,1.058333,0.216667,NA,NA,1.233333,1.7125,0.842105,0.105263,0.278261,1.665217,0.858333,0.058333,NA,NA,1.208333,0.65,0.129167,3.683333,2.041667,2.279167,0.395833,0.225,NA,-0.075,2.470833,0.795833,NA,-0.016667,NA,1.395833,2.88,0.843478,1.3875,2.679167,-0.670833,1.983333,3.675,2.254167,-0.2375,-0.966667,3,0.170833,1.9,2.856522,0.941667,2.2625,0.979167,-1.2125,1.1125,NA,1.254167,NA,NA,2.05,NA,NA,0.195833,1.433333,0.7,0.43913,-0.004167,NA,NA,2.354167,2.229167,1.729167,NA,0.833333,0.416667,1.279167,1.120833,NA,2.116667,1.158333,0.1875,1.1875,2.354167,0.879167,-0.204167,NA,-0.204167,1.670833,0.254167,NA,NA,NA,NA,NA,0.65,2.116667,1.070833,1.329167,1.216667,0.5625,0.520833,1.154167,0.416667,1.375,-0.1625,1.816667,1.6875,NA,NA,NA,0.258333,-0.195833,1.079167,0.429167,NA
09/07/2015,0.675,0.708333,1.133333,0.170833,2.7125,-0.833333,3.8625,2.65,2.979167,NA,NA,-0.408333,1.408333,NA,4.0125,1.941667,1.9375,2.158333,2.283333,0.829167,0.404167,2.420833,1.033333,NA,NA,1.758333,1.641667,1.6375,0.445833,1.179167,2.45,1.508333,0.85,NA,NA,1.4875,1.5875,1.991667,1.3,2.491667,2.491667,NA,NA,NA,0.679167,2.875,0.683333,NA,0.141667,NA,1.966667,3.254167,1.166667,1.85,2.354167,-0.070833,2.404167,3.673913,2.554167,0.65,-0.345833,2.479167,0.4875,1.920833,2.608333,1.641667,3.245833,1.745833,-0.341667,1.429167,NA,2.182609,NA,0.266667,2.108333,NA,NA,0.3625,2.341667,1.775,0.91,-0.195833,NA,NA,NA,NA,2.033333,NA,1.3125,1.0625,1.775,1.208333,NA,3.108333,2.116667,1.166667,1.95,2.3,2.9125,1.483333,-0.945833,0.220833,2.579167,0.104167,NA,NA,NA,NA,NA,0.779167,2.641667,1.166667,0.617391,0.658333,0.345833,1.2375,1.6625,1.354167,0.745833,0.620833,1.9,2.183333,NA,NA,NA,0.466667,0.783333,2.154167,0.933333,NA
10/07/2015,2.279167,2.1375,2.316667,1.033333,3.633333,0.413043,6.345833,3.995833,4.179167,NA,NA,0.841667,2.3625,NA,4.25,2.75,2.8625,2.625,NA,1.382609,1.141667,3.516667,2.75,NA,NA,3.458333,2.95,2.933333,1.829167,2.045833,3.545833,2.995833,2.270833,NA,NA,2.8,2.0375,1.4875,3.445833,4.245833,3.804167,NA,NA,NA,1.445833,3.245833,1.804167,NA,1.8875,NA,2.625,3.766667,2.708333,2.6875,3.870833,1.1,3.341667,5.073684,3.45,2.4125,1.029167,3.425,1.6875,3.333333,4.908333,2.770833,4.225,2.841667,1.075,3.158333,NA,2.941667,NA,1.541667,3.158333,NA,NA,1.154167,2.85,2.316667,1.879167,1.254167,NA,NA,NA,NA,3.591667,NA,2.508333,1.85,2.533333,2.708333,NA,4.008333,3.033333,2.420833,2.8,1.6125,3.420833,1.979167,0.0875,1.466667,2.945833,1.6375,NA,NA,NA,NA,NA,2.316667,3.545833,2.179167,2.716667,2.083333,1.975,2.941667,3.445833,2.4375,2.75,1.320833,3.245833,3.279167,NA,NA,NA,2.183333,1.908333,3.070833,2.891667,NA
11/07/2015,1.941667,2.008333,2.308333,0.970833,2.579167,-0.345833,5.7375,3.654167,3.820833,NA,NA,0.333333,1.116667,NA,3.666667,2.029167,1.9625,1.904167,NA,0.679167,0.941667,2.166667,1.670833,NA,NA,2.770833,2.470833,1.891667,1.033333,1.4875,3.066667,2.091667,1.0875,NA,NA,2.358333,1.875,1.495833,4.086957,3.3875,2.65,NA,NA,NA,1.004167,4.195833,1.758333,NA,1.658333,NA,2.866667,3.35,1.583333,2.791667,4.4,1.304167,2.429167,4.3375,2.904167,1.345833,0.7875,3.533333,0.916667,2.65,3.291667,1.891667,2.783333,1.9625,0.395652,2.108333,NA,2.520833,NA,0.020833,2.816667,NA,NA,1.120833,3.108333,2.354167,1.45,0.6375,NA,NA,NA,NA,2.716667,NA,1.829167,1.220833,1.629167,1.529167,NA,3.466667,2.008333,1.0375,1.5875,1.820833,2.370833,1.125,-0.916667,-0.104167,3.816667,2.0125,NA,NA,1.791667,NA,NA,2.741667,3.279167,1.8875,2.204167,0.866667,1.241667,1.829167,2.508333,1.725,1.491667,1.279167,2.895652,3.904167,0.841667,NA,NA,1.5375,1.170833,3.075,2.170833,NA
12/07/2015,1.075,1.4,1.258333,-0.391667,3.3375,-1.279167,5.0625,3.1625,4.208333,NA,NA,0.525,1.520833,NA,4.583333,2.295833,1.833333,2.204167,NA,1.229167,1.191667,1.670833,1.15,NA,NA,2.733333,2.708333,1.8,1.133333,1.391667,2.354167,2.070833,0.920833,NA,NA,2.304167,1.025,0.954167,5.26087,3.425,3.220833,NA,NA,NA,1.191667,2.508333,1.420833,NA,0.841667,NA,2.320833,3.354167,1.6125,3.029167,4.116667,-0.129167,3.291667,4.808333,3.3,1.5,0.4125,3.3375,1.091667,3.404348,3.670833,1.708333,2.604167,2.3375,0.73913,1.991667,NA,2.133333,NA,-0.204167,2.608333,NA,NA,0.85,2.3375,1.670833,1.395833,0.708333,NA,NA,NA,NA,3.1125,NA,1.554167,1.5125,1.791667,2.655,NA,3.775,2.233333,1.4125,2.191667,0.954167,3.7875,1.866667,0.254167,0.470833,2.933333,1.716667,NA,NA,1.4875,NA,NA,1.533333,2.958333,1.791667,2.058333,0.870833,1.1375,1.8375,2.104167,2.320833,1.579167,0.7375,3.308333,3.0375,0.5625,NA,NA,1.3375,1.225,2.591667,2.175,NA
13/07/2015,NA,NA,0.908333,-0.234783,3.5625,-0.654167,5.320833,3.2875,4.541667,NA,NA,0.304167,1.720833,NA,4.25,2.4375,2.283333,2.354167,NA,1.1375,1.05,2.5625,1.566667,NA,NA,2.720833,2.716667,2.1,1.2375,1.804167,3.033333,2.283333,1.733333,NA,NA,1.85,1.5625,0.85,5.4125,4.125,2.983333,NA,NA,NA,0.404167,2.658333,1.216667,NA,1.558333,NA,2.370833,NA,NA,2.795833,3.825,-0.479167,3.329167,5.191667,3.716667,1.8,0.333333,3.891667,1.6,2.929167,3.929167,2.25,3.333333,0.65,1.509091,2.295,NA,2.570833,NA,-0.145833,2.933333,NA,NA,0.908333,2.95,2.291667,1.616667,1.108333,NA,NA,NA,NA,2.733333,NA,1.758333,1.604167,1.783333,1.991667,NA,3.0375,2.229167,1.616667,2.195833,1.616667,4.054167,2.033333,0.158333,0.55,3.175,1.654167,NA,NA,1.78,NA,NA,1.6125,3.1875,1.775,2.4625,1.73,1.255,1.879167,1.866667,2.641667,1.654167,1.4375,2.620833,3.220833,0.775,NA,NA,NA,1.3,2.3625,2.2125,NA
14/07/2015,NA,NA,1.291667,-0.395833,4.133333,-0.666667,4.595833,2.758333,3.754167,NA,NA,0.9875,2.508333,-0.615789,4.395833,1.804167,1.958333,1.716667,NA,0.533333,0.508333,2.1625,1.4,NA,NA,2.6125,2.245833,1.945833,1.329167,1.625,2.895833,2.320833,0.825,NA,NA,2.1125,1.704167,0.883333,5.516667,3.9125,2.8625,1.470833,0.404167,NA,1.054167,NA,NA,NA,0.633333,NA,2.679167,NA,NA,2.133333,3.575,-0.470833,2.991667,4.579167,3.666667,3.154167,2.008333,2.9375,0.679167,3.066667,3.954167,2,2.975,1.475,1.408333,2.383333,NA,NA,NA,-0.041667,2.06087,-0.386957,0.770833,NA,4.316667,3.470833,NA,0.125,NA,NA,1.5875,2.458333,2.841667,NA,1.716667,1.220833,1.633333,1.633333,NA,3.029167,2.058333,1.266667,1.8125,0.866667,3.45,1.625,-0.383333,0.229167,2.825,0.958333,2.634783,1.220833,2.429167,NA,1.158333,1.2625,3.125,1.683333,2.204167,1.25,1.070833,2.841667,3.495833,2.438889,1.766667,1.295833,2.191667,2.654167,0.316667,NA,NA,NA,1.528571,2.4,NA,NA
15/07/2015,NA,NA,1.05,-0.25,3.3125,-1.079167,4.020833,2.5375,4.6875,NA,NA,0.88,1.966667,NA,3.770833,1.895833,2.695833,2.2375,NA,1.3875,1.570833,3.454167,2.058333,NA,NA,2.829167,2.566667,1.804167,0.954167,1.970833,2.691667,1.779167,0.966667,NA,NA,2.979167,1.9,0.983333,6.816667,4.2375,2.666667,1.3875,0.7625,NA,0.916667,NA,NA,NA,NA,NA,1.941667,NA,NA,2.9375,4.295833,0.426316,3.366667,5.458333,3.683333,2.291667,1.729167,NA,NA,4.2875,4.454167,2.858333,4.116667,1.541667,1.2,1.516667,NA,NA,NA,0.508333,2.35,-0.379167,0.558333,NA,3.4,2.404167,NA,1.154167,NA,NA,3.508333,4.966667,3.258333,NA,2.045833,1.391667,2.7125,2.3125,NA,3.4875,2.179167,1.479167,2.225,1.183333,3.616667,1.8875,0.1625,0.5375,2.5375,0.691304,2.954167,1.820833,1.745833,NA,2.129167,1.783333,3.116667,1.275,3.591667,2.383333,1.441667,1.6375,2.266667,1.925,1.975,1.308333,3.179167,3.1625,-0.008333,1.291667,0.7625,NA,1.179167,0.929167,1.578261,1.379167
16/07/2015,NA,NA,2.6,0.616667,4.941667,1.658333,6.9625,4.808333,4.8875,NA,NA,1.320833,2.45,NA,4.675,3.245833,3.454167,3.6375,NA,3.116667,2.9,3.3125,2.4625,3.9375,1.629167,5.170833,4.070833,3.0875,2.170833,3.191667,4.0875,3.15,2.208333,NA,NA,3.591667,3.333333,3.05,5.9875,7.0125,6.1375,2.820833,1.679167,NA,1.720833,NA,NA,NA,NA,NA,3.1125,NA,NA,3.858333,4.883333,2.283333,4.633333,6.241667,5.1125,1.895833,1.045833,NA,NA,4.213043,4.466667,3.420833,4.9375,2.504167,2.620833,3.404167,NA,NA,NA,1.845833,NA,1.604167,2.2875,NA,3.691667,3.179167,NA,2.483333,NA,NA,2.579167,3.75,3.941667,NA,2.795833,2.5625,3.229167,2.908333,NA,4.633333,3.166667,2.683333,2.875,2.625,3.725,2.354167,1.241667,1.8875,4.233333,2.4375,4.1375,3.025,2.608333,NA,NA,2.741667,4.283333,2.645833,4.358333,1.9,2.583333,2.783333,2.779167,3.091667,3.0875,1.5125,3.670833,4.745833,1.9,3.033333,2.0125,NA,2.404167,1.475,2.754167,2.2875
17/07/2015,2.531818,1.675,1.9625,0.641667,3.225,-1.0625,5.683333,3.3125,3.9375,NA,NA,0.7875,1.7625,0.695833,3.954167,1.333333,2.108333,2.316667,2.466667,0.895833,0.625,3.291667,1.829167,3.545833,1.6875,3.370833,2.208333,2.083333,1.404167,1.608333,3.320833,2.3875,1.8375,NA,NA,2.554167,1.770833,0.7,5.2,4.525,2.9625,1.754167,1.2,NA,1.7,NA,NA,NA,NA,NA,3.341667,3.970833,2.179167,2.779167,3.420833,0.9125,3.416667,5.283333,3.8625,2.266667,1.729167,NA,NA,3.795833,4.070833,2.6,3.229167,1.808333,2.225,2.920833,2.078261,3.420833,NA,0.441667,NA,0.579167,1.0875,NA,3.708333,3.441667,1.966667,1.041667,NA,NA,3.295833,4.179167,2.9875,NA,2.1625,1.383333,2.204167,2.066667,NA,2.820833,1.333333,2.404167,2.433333,1.779167,2.704167,1.054167,0.704167,0.75,2.808333,0.725,2.691667,0.925,3.141667,NA,1.245833,1.529167,3.85,1.995833,2.291667,2.729167,1.283333,1.913043,2.266667,1.754167,2.145833,1.541667,3.231818,3.070833,0.5,2.070833,1.1875,NA,2.320833,1.845833,3.429167,2.133333
18/07/2015,0.541667,0.138095,0.547826,-0.404348,2.9875,-0.3875,4.470833,2.783333,3.904167,NA,NA,0.125,1.5375,0.008333,4.708333,2.354167,2.0625,2.6125,1.4,0.779167,0.55,2.754167,1.920833,2.958333,0.508333,2.204167,2.366667,1.895833,1.3,2.004167,2.9625,2.158333,1.2875,NA,NA,2.245833,1.95,1.154167,4.358333,3.179167,2.766667,1.4375,0.516667,NA,0.545833,1.578261,1.108333,NA,0.520833,NA,1.533333,3.004167,1.4,2.683333,3.320833,0.8125,3.383333,4.070833,3.291667,1.295833,0.495833,1.85,1.1875,3.1375,2.954167,2.0125,3.195833,1.6,0.795833,1.566667,0.683333,1.983333,NA,0.586957,NA,0.241667,0.95,NA,2.033333,1.65,2.004167,0.965217,NA,NA,1.329167,2.6875,2.395833,NA,1.829167,1.345833,1.8625,1.641667,NA,3.233333,2.320833,2.195833,2.316667,1.1375,3.641667,1.8375,0.225,0.5125,2.613043,0.517391,2.666667,2.075,1.158333,NA,1.3875,1.370833,3.133333,1.616667,1.85,1.7375,1.470833,1.233333,1.6875,1.558333,1.591667,0.108333,2.7,2.95,0.308333,1.533333,0.695833,NA,0.945833,0.470833,1.916667,0.416667
19/07/2015,1.020833,1.129167,1.379167,0.05,3.145833,-1.041667,4.683333,2.479167,3.479167,NA,NA,0.2125,1.182609,0.225,4.591667,2.791667,2.2875,2.795833,1.883333,1.217391,0.845833,2.591667,1.620833,1.1375,0.858333,2.333333,1.566667,1.7,0.8625,1.945833,2.970833,2,1.104167,NA,NA,2.375,1.1125,0.754167,4.114286,2.820833,1.858333,1.279167,0.620833,NA,0.670833,1.525,1.145833,NA,0.545833,NA,2.558333,2.8625,1.229167,2.85,3.861905,0.854167,3.1625,3.925,2.8125,1.316667,0.245833,1.670833,1.083333,3.25,3.204167,2.1625,3.241667,1.558333,0.825,1.841667,0.425,2.008333,NA,0.716667,NA,0.358333,0.820833,NA,2.395833,1.866667,1.829167,0.895833,NA,NA,1.8375,2.954167,2.6,NA,1.670833,1.425,2.5375,1.733333,NA,2.9,1.983333,1.15,1.725,1.016667,2.945833,1.233333,0.15,0.666667,2.891667,1.458333,2.904167,2.045833,1.3875,NA,1.2625,1.504167,3.0125,1.929167,2.317391,1.025,0.954167,1.454167,2.104167,1.979167,1.908333,0.4375,2.541667,2.4125,0.245833,1.758333,0.983333,NA,0.8125,0.2375,1.425,1.045833
20/07/2015,2.3375,1.917391,2.175,0.854167,3.545833,-0.229167,5.429167,3.379167,3.641667,NA,NA,0.182609,1.516667,0.804167,3.683333,2.129167,1.883333,2.141667,2.375,0.8125,0.725,2.4,1.445833,3.383333,1.683333,2.925,1.758333,2.291667,1.620833,1.683333,3.054167,NA,NA,NA,NA,2.075,1.9375,1.533333,5.141667,3.865217,2.845833,1.754167,1.147826,NA,1.358333,2.404167,1.575,NA,1.504167,NA,3.458333,3.057143,1.259091,2.170833,3.4625,1.229167,2.641667,4.3875,3.091667,1.883333,NA,1.925,0.329167,3.021739,3.566667,1.9,3.195833,1.320833,1.916667,2.370833,1.7,2.741667,NA,0.316667,NA,0.604167,1.175,NA,3.004167,2.266667,1.683333,1.1125,NA,NA,NA,NA,NA,NA,1.754167,1.579167,1.35,0.975,NA,3.095833,1.829167,1.495833,1.758333,2.0125,1.979167,1.120833,-0.183333,0.625,NA,NA,3.475,1.454167,1.958333,NA,1.425,1.079167,3.508333,1.870833,2.3875,1.325,1.566667,2.458333,2.445833,1.7875,1.783333,1.295833,2.370833,3.25,0.979167,2.4125,1.125,NA,1.6125,0.775,2.395833,1.125
21/07/2015,0.783333,0.76087,0.2875,-0.691667,2.929167,-1.0375,4.583333,2.895833,NA,NA,NA,0,1.4875,-0.0875,3.725,1.583333,1.7375,2,1.520833,-0.004167,-0.083333,1.804167,1.133333,NA,NA,2.6875,1.3875,NA,NA,1.1625,2.320833,NA,NA,NA,NA,1.841667,1.025,0.591667,4.504167,3.445833,2.316667,1.216667,0.333333,NA,0.5125,1.483333,0.291667,NA,0.316667,NA,2.425,NA,NA,1.933333,3.204167,0.625,2.741667,4.158333,3.366667,0.829167,NA,1.070833,0.216667,2.970833,3.354167,2.025,2.028571,1.808333,0.554167,1.4625,0.575,1.983333,NA,-0.45,NA,-0.195833,0.2125,NA,2.709524,2.441667,1.2875,0.552174,NA,NA,NA,NA,NA,NA,1.554167,1.133333,1.370833,1.2,NA,2.9,1.645833,1.875,1.9625,1.004167,NA,NA,-0.566667,-0.291667,NA,NA,2.966667,1.075,0.891667,NA,1.035,1.108333,NA,NA,NA,1.8875,0.729167,1.1375,1.970833,1.9875,1.625,0.158333,2.430435,2.595833,0.125,1.583333,0.383333,NA,0.545833,-0.025,1.658333,0.275
22/07/2015,1.066667,1.079167,1.3875,-0.383333,2.508333,-0.958333,4.466667,2.85,NA,NA,NA,0.091667,1.0375,0.3875,4.033333,2.083333,1.354167,2.220833,1.5875,0.429167,0.408333,NA,NA,0.2125,0.665217,2.195833,2.008333,NA,NA,1.7375,2.391667,NA,NA,NA,NA,1.9375,1.870833,0.8875,4.970833,3.708333,2.545833,0.983333,0.116667,NA,0.75,1.679167,1.1375,NA,0.583333,NA,1.579167,NA,NA,2.175,2.95,0.9,2.6,NA,NA,1.129167,NA,1.383333,0.1875,2.958333,3.258333,1.791667,2.995833,1.695833,0.675,1.508333,0.2125,1.795833,NA,0.33913,2.2125,-0.033333,0.779167,NA,2.5,1.504167,1.366667,0.854167,NA,NA,0.458333,2.395833,NA,NA,1.6625,1.0625,1.808333,1.491667,NA,2.9625,1.729167,1.770833,1.45,1.216667,NA,NA,-0.145833,-0.316667,2.641667,1.0375,2.6875,1.391667,1.391667,NA,0.905556,1.083333,NA,NA,NA,1.409091,1.2,1.541667,1.7875,1.9375,1.579167,0.704167,2.1625,2.6,-0.0125,1.670833,0.804167,NA,0.254167,-0.366667,1.6375,0.652174
23/07/2015,0.808696,1.478261,1.191667,-0.191667,3.025,-0.8625,4.066667,2.566667,NA,NA,NA,0.241667,1.316667,0.329167,4.479167,2.270833,1.845833,1.941667,2.179167,0.8625,0.475,NA,NA,1.129167,0.920833,2.404167,1.883333,NA,NA,1.925,2.9625,NA,NA,NA,NA,2.366667,1.920833,0.916667,5.066667,2.870833,2.225,1.808333,0.404167,NA,0.479167,1.375,1.266667,NA,0.445833,NA,2.345833,NA,NA,2.2375,2.686364,1.266667,2.908333,NA,NA,1.258333,NA,NA,NA,2.766667,3.508333,2.233333,3.358333,2.654167,1.054167,1.825,0.5375,2.341667,NA,0.541667,2.233333,0.133333,0.616667,NA,2.379167,1.954167,0.622222,NA,NA,NA,1.720833,3.675,NA,NA,NA,NA,NA,1.08,NA,3.375,2.333333,1.9625,2.125,1.404167,NA,NA,0.208333,0.195833,2.304348,0.241667,3.020833,1.5625,1.354167,-0.121739,1.329167,1.525,NA,NA,NA,0.941667,1.225,1.8375,2.345833,1.425,1.45,0.766667,2.279167,2.933333,0.258333,1.875,0.8625,NA,0.891667,0.325,1.745833,0.7125
24/07/2015,1.295833,1.2375,1.016667,-0.126087,4.275,-0.683333,5.05,3.066667,NA,NA,NA,1.129167,2.220833,0.966667,3.933333,2.016667,2.716667,3.008333,2.841667,NA,1.358333,NA,NA,0.795833,1.708333,4.004167,2.8625,2.225,1.779167,NA,NA,2.283333,1.521739,NA,NA,3.604167,1.575,1.008333,5.354167,4.05,2.966667,2.295833,1.4875,NA,0.408333,1.858333,1.175,NA,0.833333,NA,2.083333,2.966667,2.354167,3.645833,3.075,2.083333,3.433333,NA,NA,1.8125,NA,2.441667,1.133333,4.041667,4.025,2.9625,4.025,2.7125,1.275,1.991667,1.141667,2.691667,NA,0.566667,2.891667,1.366667,1.770833,NA,2.6125,2.05,1.545833,NA,NA,NA,2.491667,4.104167,NA,NA,NA,NA,NA,2.904167,1.275,3.154167,2.383333,2.8,2.791667,1.783333,NA,NA,1.275,1.254167,4.079167,2.0125,2.938095,1.6,2.175,0.045833,2.091667,2.441667,NA,NA,NA,2.316667,2.166667,2.591667,2.8875,3.645833,3.570833,0.441667,3.15,4.091667,1.4125,2.125,2.054167,1.6375,0.516667,0.125,2.033333,1.016667
25/07/2015,1.441667,1.008333,1.425,0.179167,3.695833,-0.658333,4.629167,2.670833,NA,NA,NA,0.929167,2.083333,0.016667,3.0875,1.870833,1.875,2.154167,2.308333,1.077778,0.1875,NA,NA,0.733333,1.475,1.683333,1.5375,1.508333,0.454167,NA,NA,1.65,0.566667,NA,NA,2.795833,2.6625,1.145833,4.213043,2.3875,1.504167,1.775,1.175,NA,0.420833,1.875,1.045833,NA,1.2875,NA,2.558333,2.4875,1.4875,2.054167,1.225,0.229167,2.379167,NA,NA,0.670833,NA,1.254167,0.283333,3.675,4.291667,2.658333,3.0125,1.425,1.054167,1.304167,0.65,1.766667,NA,0.508333,1.133333,0.279167,0.758333,NA,2.195833,1.5,0.3,NA,NA,NA,-0.133333,1.6875,NA,NA,NA,NA,NA,1.716667,1.458333,2.6,1.908333,1.008333,1.504167,1.441667,1.141667,0.754167,-0.35,0.3375,1.583333,0.216667,2.545833,1.108333,1.154167,0.075,1.408333,0.391667,3.5875,1.654167,0.970833,1.7875,1.141667,2.733333,2.833333,1.166667,1.229167,0.408333,1.8375,2.6375,0.091667,2.270833,0.779167,1.458333,0.766667,0.1625,2.045833,1.183333
26/07/2015,2.4875,2.245833,2.983333,1.2375,4.883333,0.670833,6.033333,4.070833,NA,NA,NA,1.2125,2.875,1.945833,4.095833,3.413636,2.816667,3.091667,3.4125,1.566667,1.825,NA,NA,1.925,2.5625,4.229167,2.920833,3.483333,2.975,NA,NA,3.383333,2.720833,NA,NA,3.254167,2.920833,1.791667,6.826087,3.933333,3.090909,3.120833,2.3125,NA,1.8875,2.441667,1.945833,NA,2.466667,NA,3.220833,3.4,2.179167,4.266667,2.920833,2.458333,3.716667,NA,NA,3.1125,NA,3.220833,1.804167,3.645833,4.658333,3.441667,4.545833,2.866667,2.95,3.745833,2.529167,4.245833,NA,1.025,2.65,1.9375,2.770833,NA,3.891667,3.054167,2.5375,NA,NA,NA,2.383333,4.016667,NA,NA,NA,NA,NA,2.633333,2.133333,3.554167,2.7875,2.716667,2.941667,2.95,2.7,2.095833,0.866667,1.190476,3.8375,2.069565,3.941667,2.366667,3.095833,1.670833,2.6875,2.65,4.45,2.854167,3.016667,2,2.091667,3.1875,3.491667,2.420833,2.575,1.845833,3.354167,3.5875,2.15,3.295833,2.891667,2.875,2.929167,1.925,3.3,1.929167
27/07/2015,NA,2.426316,0.404167,-0.170833,NA,-0.341667,5.304167,2.929167,NA,NA,NA,-0.329167,0.754167,0.1125,3.058333,1.2,1.041667,1.3375,1.875,-0.3125,0.475,NA,NA,-0.8625,1.020833,2.241667,1,1.366667,0.654167,NA,NA,1.479167,1.029167,NA,NA,1.570833,1.504167,0.708333,4.921739,2.808333,2.366667,1.575,0.466667,NA,0.545833,1.0375,0.395833,NA,0.883333,NA,2.004167,1.241667,0.820833,1.829167,1.283333,0.391667,1.720833,NA,NA,1.4875,NA,1.283333,0.0875,2.6,2.591667,1.741667,3.165217,0.716667,0.970833,1.783333,1.179167,2.608333,NA,-0.4625,1.541667,-0.1,0.608333,NA,2.804167,1.979167,1.016667,NA,NA,NA,0.595833,2.120833,NA,NA,NA,NA,NA,1.15,0.375,2.054167,1.5625,1.758333,1.416667,1.458333,1.070833,0.6125,-0.654167,-0.786957,2.4625,0.7375,2.379167,0.825,2.2875,0.368182,0.704167,0.45,2.658333,1.529167,0.979167,1.595833,0.858333,1.1875,1.625,0.7375,0.65,NA,1.6125,2.033333,0.345833,1.575,0.529167,0.766667,0.745833,-0.241667,1.958333,0.408333
28/07/2015,1.079167,1.25,0.658333,-0.552174,NA,-0.908333,3.221739,2.947826,NA,NA,NA,NA,NA,-0.508333,3.1625,1.395833,1.366667,1.754167,1.420833,-0.183333,0.316667,NA,NA,0.420833,1.404167,2.095833,1.5,0.945833,0.333333,NA,NA,1.183333,0.579167,NA,NA,1.721739,1.5875,0.791667,4.066667,3.383333,2.245833,0.755,0.7,NA,0.3,1.516667,0.804348,NA,0.8625,NA,2.058333,1.570833,0.925,2.016667,1.1,0.895833,2.391667,NA,NA,1.129167,NA,1.3625,0.85,3.143478,3.183333,1.679167,2.120833,1.454167,0.5625,1.341667,0.116667,1.570833,NA,0.391667,1.254167,-0.1375,0.304167,NA,2.425,1.679167,1.125,0.3,NA,NA,0.158333,1.8375,NA,NA,NA,NA,NA,0.779167,0.633333,2.591667,1.725,1.795833,1.420833,0.979167,1.341667,0.742105,-0.858333,-0.341667,1.6875,-0.045833,2.1375,1.3,1.391667,0.2875,0.483333,0.666667,2.495833,0.779167,0.566667,1.5125,0.9,0.8,2.15,0.9,1.0125,0.5625,1.8625,2.2125,-0.145833,1.65,0.263636,0.645833,0.370833,-0.104167,1.808333,0.454167
29/07/2015,0.458333,0.904167,NA,NA,NA,-1.2875,1.795833,2.266667,NA,NA,NA,NA,NA,-0.604167,2.404167,1.195833,1,1.078261,2.055,-0.091667,-0.595833,NA,NA,0.2125,1.35,1.566667,1.216667,0.725,0.408333,NA,NA,1.241667,0.754167,NA,NA,1.673913,1.2125,0.1125,3.430435,2.0125,NA,0.679167,0.595833,NA,0.245833,1.443478,0.095833,NA,0.470833,NA,1.55,1.820833,0.7625,1.645833,0.9625,0.25,1.983333,NA,NA,0.779167,NA,1.591667,-0.030435,2.426087,3.029167,1.25,1.970833,1.158333,0.245833,1.320833,0.133333,1.570833,NA,-0.508333,1.216667,NA,NA,NA,1.833333,1.945833,0.841667,0.1625,NA,NA,-0.058333,1.770833,NA,0.945833,NA,NA,-0.029167,0.779167,0.783333,2.216667,1.279167,0.754167,1.104167,0.875,0.904167,0.475,-1.15,-0.804167,1.441667,-0.233333,2.175,0.791667,0.525,-0.383333,0.754167,0.825,2.270833,0.975,1.1125,0.1375,0.166667,NA,NA,1.020833,0.65,0.15,1.470833,1.766667,-0.3625,0.95,0.170833,-0.004167,0.158333,-0.2625,1.4375,-0.170833
30/07/2015,0.841667,1.145833,NA,NA,NA,-0.7875,2.5875,2.341667,NA,NA,NA,NA,NA,-0.4,2.679167,1.520833,1.129167,1.275,1.741667,0.247826,0.129167,1.104167,0.4625,0.541667,1.066667,2.145833,1.941667,1.1,-0.029167,1.283333,2.145833,1.4375,0.529167,NA,NA,1.329167,1.979167,1.404167,3.4625,2.679167,3.0875,0.870833,0.254167,NA,NA,1.181818,1.375,NA,0.695833,NA,1.745833,2.079167,1.029167,2.029167,1.404167,0.820833,2.083333,NA,NA,1.191667,NA,2.056522,0.079167,2.675,2.983333,1.525,2.970833,1.454167,0.2625,1.316667,-0.086957,1.654167,NA,0.470833,1.666667,NA,NA,NA,2.566667,1.725,0.816667,0.3375,NA,NA,0.366667,2.683333,NA,0.8875,NA,NA,0.0375,0.916667,0.6875,2.754167,1.679167,1.05,1.379167,0.858333,1.158333,0.241667,-0.6125,-0.633333,2.095833,0.708696,2.445833,1.233333,1.2875,0.483333,1.366667,0.933333,2.466667,0.983333,-0.0125,0.9125,0.791667,NA,NA,1.020833,1.254167,0.508333,2,2.033333,-0.120833,1.458333,0.8125,0.141667,0.858333,0.420833,1.558333,0.670833
31/07/2015,1.5125,1.529167,NA,NA,3.733333,-0.154167,3.516667,3.679167,NA,NA,NA,0.670833,1.808333,0.754167,3.133333,1.675,2.3375,2.266667,2.345833,1.216667,1.095833,1.65,0.683333,0.952174,2.252174,3.445833,2.954167,1.804167,1.429167,1.854167,2.758333,2.208333,1.7875,NA,NA,2.483333,2.733333,1.2,5.345833,3.345833,4.063636,1.883333,1.8875,NA,NA,2.479167,1.416667,NA,1.716667,NA,NA,NA,1.625,3.829167,2.9375,2.095833,3.520833,NA,NA,2.05,NA,3.391667,1.834783,2.882609,3.404167,2.216667,2.73,2.9875,1.683333,2.583333,1.404167,3.225,NA,1.429167,2.786364,NA,NA,NA,2.9375,2.3375,2.375,1.666667,NA,NA,1.841667,3.608333,NA,2.020833,NA,1.304762,0.529167,1.9875,1.716667,3.4125,2.325,1.4,1.983333,2.325,1.965217,1.254167,0.158333,0.558333,3.408333,1.766667,2.908333,1.425,2.383333,0.225,2.095833,2.3375,3.216667,1.883333,1.916667,1.658333,1.195833,NA,NA,1.325,2.291667,1.15,2.175,3.425,0.841667,2.129167,1.6875,1.6875,1.904167,0.866667,2.708333,0.916667
01/08/2015,1.270833,1.229167,NA,NA,2.591667,-0.9125,2.754167,2.825,NA,NA,NA,-0.704167,0.55,-0.083333,2.991667,1.8,1.4875,1.883333,1.633333,0.770833,0.45,1.208333,0.341667,0.129167,0.916667,3.329167,3.116667,1.533333,0.691667,1.183333,1.916667,1.708333,0.908333,NA,NA,1.634783,1.741667,1.35,2.720833,3.308333,3.1375,1.566667,0.7625,NA,NA,1.541667,0.766667,NA,0.816667,NA,NA,1.854167,1.4875,2.425,2.5,1.829167,2.45,NA,NA,1.133333,NA,2.445833,1.429167,1.920833,2.6,1.7125,2.941667,1.491667,0.9125,1.525,0.6125,1.7125,NA,0.445833,2.675,0.4875,0.975,NA,1.925,2.041667,1.375,1.183333,NA,NA,1.975,3.6625,0.433333,0.9,1.333333,0.816667,-0.054167,1.320833,0.9125,3.079167,1.904167,1.233333,1.556522,1.2375,1.270833,0.629167,-0.516667,0.2875,2.858333,1.320833,2.804167,1.416667,1.552174,-0.266667,1.520833,1.691667,2.416667,1.25,1.391667,0.520833,0.504167,NA,NA,1.229167,1.045833,0.2875,1.75,2.866667,0.383333,1.445833,0.708333,0.65,0.829167,-0.329167,1.670833,0.345833
02/08/2015,0.883333,0.795833,NA,NA,3.345833,0.45,3.875,4.0875,NA,NA,NA,0.533333,1.408333,1.0375,3.983333,3.204167,3.175,2.075,2.3625,1.158333,1.445833,2.204167,1.466667,0.3875,0.416667,3.254167,2.575,2.066667,1.491667,2.066667,2.808333,2.75,1.5375,NA,NA,3.216667,3.154167,1.891667,5.091667,3.9125,4.508333,2.020833,0.733333,NA,NA,2.075,1.517391,NA,1.929167,NA,NA,2.714286,2.2875,3.2375,2.929167,2.004167,3.545833,NA,NA,2.316667,NA,3.233333,1.586957,3.870833,3.720833,2.445833,3.583333,2.054167,1.708333,2.341667,1.395833,3.330435,NA,2,3.691667,1.1125,2.254167,NA,3.2625,2.175,2.3625,1.7875,NA,NA,1.6125,3.095833,1.133333,1.583333,1.691667,1.679167,0.6625,2.258333,1.95,3.895833,3.033333,2.375,2.65,2.33913,2.508333,1.275,1.341667,1.191667,3.075,1.766667,4.391667,2.641667,2.475,0.991667,1.933333,1.841667,2.979167,1.891667,2.345833,2.279167,1.933333,NA,NA,2.216667,1.570833,0.691667,2.783333,3.420833,1.378261,2.283333,1.3875,2.0125,1.645833,0.845833,2.575,0.991667
03/08/2015,3.079167,2.0125,NA,NA,2.529167,-0.0875,3.754167,3.875,NA,NA,NA,0.016667,0.866667,0.641667,3.804167,1.983333,1.916667,2.458333,2.175,0.816667,0.441667,1.020833,0.225,0.570833,2.025,2.625,2.016667,2.091667,1.345833,1.4875,2.5625,2.05,1.375,NA,NA,2.670833,1.9875,1.395833,NA,4.066667,3.358333,1.441667,0.95,NA,NA,2.770833,2.1,NA,1.841667,NA,NA,2.841667,1.245833,2.445833,2.945833,2.154167,3.275,NA,NA,2.145833,NA,3.029167,0.8375,2.8375,3.529167,2.091667,3.341667,1.770833,1.395833,2.025,0.75,2.391667,NA,0.704167,3.770833,1,1.666667,NA,3.570833,2.458333,1.895833,1.1,NA,NA,2.675,3.941667,1.1375,1.325,0.991667,0.8,-0.133333,1.691667,1.7125,3.483333,1.991667,1.8625,2.104167,1.333333,1.275,0.845833,-0.120833,-0.420833,NA,NA,4.016667,1.591667,2.445833,0.9,2.2875,2.241667,2.783333,1.966667,1.633333,1.795833,1.229167,NA,NA,2.375,1.658333,1.783333,2.0125,3.621739,0.45,1.683333,1.1125,1.279167,2.008333,0.9875,3.008333,1.782609
04/08/2015,1.8625,1.15,0.9375,-0.633333,2.029167,-1.366667,2.479167,2.55,NA,NA,NA,-0.279167,0.079167,-0.025,2.6875,1.816667,1.329167,1.9625,1.383333,NA,NA,1.104167,0.35,-0.145833,0.629167,1.920833,1.875,1.395833,0.5875,1.575,2.383333,NA,NA,NA,NA,2.458333,1.258333,0.445833,NA,3.379167,2.654167,0.433333,0.441667,NA,NA,1.354167,1.1625,NA,NA,NA,1.829167,2.016667,0.9625,2.691667,NA,NA,NA,NA,NA,1.070833,NA,2.2125,0.929167,2.4375,3.358333,2.016667,3.391667,2.145833,0.729167,1.745833,0.433333,1.329167,NA,-0.691667,2.804167,0.0625,0.620833,NA,NA,NA,1.8875,0.55,NA,NA,1.05,2.541667,0.8,0.7,1.004167,0.425,-0.7375,1.2625,1.2375,3.129167,1.716667,1.6375,2.152381,0.554167,1.604167,0.770833,-0.195833,-0.245833,NA,NA,2.875,1.770833,1.175,0.9,1.183333,1.220833,2.558333,1.270833,2.945833,1.858333,1.266667,0.070833,1.033333,2.1875,1.0375,0.4625,1.783333,NA,-0.141667,1.275,0.7875,0.425,0.766667,-0.075,2.279167,0.45
05/08/2015,1.695833,0.625,1.520833,0.25,2.9875,-0.383333,2.925,3.416667,NA,NA,NA,0.1375,1.1125,0.545833,4.258333,2.283333,2.141667,2.491667,1.9125,NA,NA,1.954167,0.775,0.833333,1.358333,3.070833,2.2125,NA,0.35,2.054167,3.070833,1.941667,0.991667,NA,NA,1.891667,2.008333,0.916667,NA,3.916667,3.170833,1.320833,0.945833,NA,NA,NA,1.486364,NA,NA,NA,2.104167,3.333333,1.708333,2.6625,NA,NA,NA,NA,NA,1.475,NA,2.675,1.829167,3.320833,3.804167,2.758333,2.595833,2.416667,1.013043,1.575,0.879167,2.6625,NA,0.791667,3.504167,1.033333,1.354167,NA,NA,NA,1.9,1.520833,NA,NA,1.629167,3.083333,1.145833,1.329167,1.95,1.3125,0.070833,1.979167,1.541667,3.7875,2.641667,2.720833,3.804167,1.516667,NA,NA,0.116667,0.904167,NA,NA,3.8625,2.145833,1.529167,NA,2.05,NA,2.8875,1.695833,2.470833,1.604167,1.145833,0.7375,1.566667,3.070833,2.041667,NA,NA,NA,0.833333,1.816667,1.0125,1.120833,1.325,0.529167,2.7,0.816667
06/08/2015,1.929167,0.591667,0.808333,-0.329167,2.45,-1.195833,2.2625,2.454167,NA,NA,NA,-0.245833,0.525,0.125,3.933333,1.2125,1.6875,1.579167,1.620833,NA,NA,0.4125,-0.495833,NA,NA,NA,NA,1.458333,0,1.066667,2.3,1.9125,0.954167,NA,NA,1.9875,1.441667,0.345833,0.658333,3.504167,2.2125,NA,-0.133333,NA,NA,0.965217,0.947619,NA,NA,NA,2.2625,2.033333,1.220833,NA,NA,NA,NA,NA,NA,1.3125,NA,1.966667,0.604167,3.195833,3.25,2.054167,2.841667,1.483333,0.813043,1.675,0.820833,2.2875,NA,0.316667,3.0625,0.370833,0.683333,NA,NA,NA,1.283333,0.8125,NA,NA,2.220833,3.104167,1.054167,0.841667,1.091667,0.658333,-0.308333,1.341667,0.908333,2.683333,1.404167,2.320833,2.229167,1.025,NA,NA,-0.333333,0.304167,NA,NA,3.6125,0.891667,1.6875,NA,2.225,NA,2.6625,1.383333,1.279167,0.547826,1.083333,0.558333,1.3625,3.033333,1.35,NA,NA,NA,0.141667,1.3625,0.820833,0.0875,0.920833,0.225,2,-0.125
07/08/2015,1.375,0.9625,1.0875,-0.141667,2.683333,-1.075,2.933333,3.4625,NA,NA,NA,-0.1,0.8,0.566667,2.825,1.6375,1.920833,1.454167,1.741667,NA,NA,0.895833,0.133333,NA,NA,NA,NA,1.041667,0.529167,NA,NA,1.854167,0.675,2.245833,-0.154167,2.3,1.875,1.225,1.15,3.695833,3.191304,NA,0.9875,NA,NA,1.654167,0.308333,0.666667,1.017391,NA,1.891667,2.3125,1.225,NA,2.5125,1.3,NA,NA,NA,0.75,0.166667,2.108333,1.225,2.829167,3.316667,1.970833,2.908333,1.829167,1.208333,1.629167,0.683333,1.641667,NA,0.345833,3.3375,1.208333,1.641667,NA,NA,NA,1.725,0.6375,NA,NA,1.2375,2.854167,0.804167,0.5875,1.3625,0.866667,0.727778,2.338889,1.075,2.904167,2.058333,2.2875,2.458333,1.783333,0.758333,0.4,-0.383333,0.05,1.975,0.965217,2.875,1.591667,1.475,NA,1.391667,NA,2.429167,1.258333,2.645833,-0.529167,1.1125,0.679167,1.145833,1.470833,1.329167,NA,NA,NA,0.354167,1.775,0.908333,1.104167,0.75,0.0375,1.558333,0.158333
08/08/2015,2.0625,1.425,1.933333,0.370833,3.970833,0.0625,3.45,3.9375,NA,NA,NA,1.679167,2.429167,1.033333,2.825,2.029167,2.570833,2.570833,2.420833,0.925,1.266667,1.445833,0.791667,NA,NA,NA,NA,2.645833,1.770833,1.4125,0.616667,2.820833,2.1625,3.470833,0.766667,3.1875,2.379167,1.891667,2.2375,5.720833,NA,NA,1.775,NA,NA,2.733333,1.2375,1.566667,1.854167,NA,2.545833,3.483333,2.383333,NA,3.225,1.570833,NA,NA,NA,1.833333,1.066667,2.791667,2.045833,4.025,4.820833,2.575,4.0875,2.554167,1.373913,2.129167,1.366667,2.745833,NA,0.883333,4.391667,1.475,1.691667,1.716667,2.904167,NA,2.2875,1.7375,NA,NA,1.95,2.845833,1.6125,1.575,2.120833,1.416667,1.9125,2.683333,1.725,3.033333,2.0375,3.029167,3.541667,2.5625,0.770833,0.829167,0.670833,0.4875,2.633333,1.183333,3.404167,1.983333,2.458333,NA,2.0625,NA,3.7,2.191667,4.1375,0.895833,1.895833,1.966667,3.854167,3.879167,2.495833,1.2375,NA,2.945833,0.954167,2.15,1.15,1.716667,1.925,1.333333,2.741667,0.8375
09/08/2015,1.683333,1.195833,1.791667,0.6125,3.333333,-0.25,3.120833,3.433333,NA,NA,NA,0.516667,0.795833,0.521739,3.191667,2.073913,2.304167,2.383333,1.933333,1.072727,1.570833,1.679167,1.004167,NA,NA,NA,NA,1.729167,1.25,1.745833,1.025,2.445833,1.5375,2.833333,1.525,2.695833,2.1875,1.483333,1.825,4.683333,NA,NA,1.05,NA,NA,1.804167,1.220833,0.954167,1.4875,NA,2.658333,2.304167,2.2125,NA,2.808333,1.520833,NA,NA,NA,2.095833,0.958333,2.879167,1.45,2.670833,3.5625,2.258333,2.9875,2.741667,1.069565,2.475,1.245833,2.933333,NA,0.995833,4.4,1.020833,1.270833,1.658333,2.3375,NA,2.379167,1.891667,NA,NA,2.316667,3.4375,1.2875,1.025,1.570833,1.3125,1.558333,2.520833,1.5125,3.079167,2.333333,3.0875,3.508333,1.779167,1.2625,1.575,-0.125,0.275,2.266667,0.658333,3.916667,1.891667,2.308333,NA,2.083333,NA,3.191667,1.9625,3.504167,0.416667,1.791667,1.1375,1.916667,3.083333,2.991667,0.404167,NA,2.791667,0.904167,1.804167,0.9375,1.079167,1.6,0.591667,2.675,1.133333
10/08/2015,1.991667,1.379167,1.479167,-0.016667,2.875,-0.4875,2.733333,3.5,NA,NA,NA,0.483333,0.879167,0.133333,4.029167,2.33913,2.470833,2.329167,2.179167,0.263636,1.263636,1.1,NA,NA,NA,NA,NA,1.254167,0.975,1.333333,0.791667,2.158333,1.083333,2.745833,0.070833,2.6375,1.829167,0.875,1.320833,4.695833,NA,NA,0.808333,NA,NA,1.841667,1.520833,0.779167,0.941667,NA,3.166667,2.833333,1.583333,NA,2.254167,1.220833,NA,NA,NA,1.8625,0.720833,2.216667,1.1,3.970833,4.345833,2.466667,3.583333,2.954167,1.408333,2.254167,0.8625,2.304167,NA,-0.083333,3.995833,0.9875,1.004167,1.045833,2.208333,NA,2.240909,1.938095,NA,NA,1.75,3.116667,NA,NA,1.166667,1.295833,1.4625,2.516667,1.329167,3.108333,1.633333,2.5875,2.470833,1.3125,1.654167,0.725,0.3875,1.258333,1.979167,0.847826,4.258333,1.85,2.1625,NA,1.683333,NA,3.175,1.708333,1.979167,-0.2625,1.525,0.995833,2.058333,3.0375,2.258333,1.379167,NA,2.675,0.5375,1.420833,0.954167,0.966667,1.9875,0.6625,2.045833,0.679167
11/08/2015,0.425,-0.195833,0.625,-1.154167,2.579167,-1.420833,2.258333,2.7375,NA,NA,NA,0.133333,1.083333,-0.4125,3.479167,1.845833,1.941667,1.4,1.466667,-0.6875,0.129167,0.866667,NA,1.004167,NA,1.920833,1.129167,0.882609,0.4,1.4375,0.479167,1.566667,0.816667,2.345833,0.354167,1.6375,1.066667,0.666667,1.095833,3.404167,NA,0.408333,0.329167,NA,NA,1.208333,0.6,-0.1125,0.03913,NA,1.495833,2.379167,1.225,0.870833,1.925,0.6,NA,0.55,NA,1.2625,0.616667,2,0.9625,3.433333,NA,1.920833,3.125,2.075,1.36,1.0875,0.1625,1.945833,NA,0.266667,3.03913,0.1875,0.716667,0.504167,1.658333,1.579167,1.579167,0.870833,NA,NA,1.070833,2.716667,NA,NA,1.829167,0.445833,1.120833,1.7625,1.1875,2.7,1.6,1.933333,2.129167,1.0125,0.916667,0.891667,-0.008333,-0.25,1.504348,0.27,3.366667,1.3625,1.25,NA,1.266667,0.283333,2.404167,0.895833,1.875,-0.554167,0.970833,0.5625,1.6625,3.383333,2.4,0.833333,2.5,2.225,-0.2875,1.295833,0.4625,-0.045833,0.7375,0.045833,1.141667,-0.220833
12/08/2015,1.291667,0.8,NA,NA,3.7125,-0.170833,3.279167,3.804167,NA,NA,NA,1,1.2125,0.779167,3.516667,2.475,3.095833,2.8375,2.320833,0.25,1.75,1.65,NA,2.670833,2.783333,2.4375,2.025,2.020833,1.329167,2.491667,1.420833,2.379167,1.654167,3.004167,0.204167,NA,1.895833,1.579167,2.466667,3.195833,NA,1.522222,1.004167,NA,1.870833,1.2375,1.095455,0.225,1.0875,NA,2.4875,3.154167,2.083333,2.166667,2.570833,1.2625,NA,1.283333,NA,2.920833,2.641667,3.025,1.558333,NA,NA,NA,NA,2.933333,1.009091,2.204167,1.6625,2.983333,NA,0.93913,3.858333,1.720833,2.05,1.5625,2.795833,3.179167,2.058333,1.525,NA,NA,1.845833,3.2375,NA,NA,2.679167,1.8125,1.654167,2.425,2.204167,3.841667,2.704167,3.504167,3.0625,2.316667,2.466667,1.785714,0.475,0.754167,2.733333,1.134783,4.416667,1.979167,3.479167,NA,2.2125,1.320833,3.408333,2.004167,2.426087,0.841667,2.5125,1.55,2.741667,4.333333,3.0875,0.8375,3.058333,2.733333,1.070833,2.020833,1.375,1.8625,2.208333,0.991667,2.829167,0.826087
13/08/2015,2.05,1.6375,NA,NA,5.05,1.578261,5.15,5.6375,NA,NA,NA,2.683333,2.729167,1.870833,6.316667,4.916667,4.4,4.883333,3.2875,2.7625,4.658333,3.566667,NA,2.816667,3.966667,6.804348,4.966667,3.066667,2.695833,4.65,3.025,3.5,2.641667,6.483333,3.370833,NA,3.208333,2.8,6.179167,7.816667,NA,1.805,1.558333,NA,3.1375,3.6125,2.847826,1.758333,2.708333,NA,4.354167,5.958333,4.329167,3.729167,6.145833,4.3125,NA,3.233333,NA,2.995833,2.366667,5.491667,3.05,NA,NA,NA,NA,NA,3.429167,4.441667,2.6,3.970833,NA,1.070833,7.341667,2.379167,3.033333,1.9625,3.075,3.445833,4.608333,3.75,NA,NA,3.679167,4.341667,NA,NA,3.566667,2.995833,4.016667,5.083333,3.833333,6.0375,4.5,5.475,5.2375,2.804167,3.8375,2.978947,2.379167,3.125,6.0875,3.704167,7.504167,4.716667,3.8875,NA,3.291667,4.245833,4.604167,3.366667,6.029167,2.716667,4.345833,2.629167,3.609524,6.545833,5.05,2.1625,4.528571,6.241667,1.7375,2.783333,2.191667,2.370833,2.875,1.916667,3.558333,2.175
14/08/2015,2.391667,1.458333,2.5,1.129167,4.420833,0.283333,5.020833,5.520833,7.091667,NA,NA,1.825,2.325,1.283333,7.058333,4.366667,3.933333,4.108333,1.975,4.075,5.3,3.5,NA,1.634783,2.566667,6.342857,4.704167,2.175,2,3.9375,2.070833,3.433333,2.154167,7.495833,3.954167,NA,2.633333,2.2125,7.3125,5.795833,NA,1.4375,1.595833,NA,1.579167,3.283333,1.891667,1.754167,2.383333,NA,4.108333,3.758333,2.325,4.770833,6.108333,3.925,4,4.183333,NA,2.416667,2.658333,6.683333,4.175,NA,NA,NA,NA,NA,2.554167,3.670833,2.3375,3.120833,NA,1.025,6.575,1.741667,2.1375,1.466667,3.016667,3,6.4125,5.145833,NA,NA,6.241667,6.375,2.358333,1.854167,4.004167,2.866667,2.070833,2.754167,3.170833,3.975,NA,5.841667,5.175,2.091667,3.504167,2.945833,2.291667,1.866667,5.833333,3.179167,5.120833,2.358333,3.041667,NA,3.9875,3.183333,3.920833,2.208333,7.929167,1.108333,2.9625,2.570833,3.129167,5.991667,4.429167,0.995833,4.979167,6.9,1.695833,2.420833,1.575,1.6625,3.020833,1.895833,2.770833,1.875
15/08/2015,0.7375,0.2875,0.704167,-0.441667,2.516667,-1.591667,2.554167,3.026087,4.641667,NA,NA,0.220833,0.554167,-0.458333,3.070833,1.541667,2.108333,1.554167,0.995833,1.054167,2.2,0.8,NA,1.029167,1.404167,4.533333,3.570833,1.241667,0.866667,1.479167,0.433333,1.775,0.729167,3.566667,0.958333,NA,1.695833,1.1375,3.204167,3.229167,NA,1,0.408333,NA,0.179167,1.325,1.320833,-0.2625,0.3,NA,1.670833,2.2625,1.458333,2.404167,4.079167,2.270833,1.504167,1.720833,NA,0.954167,0.470833,3.495833,1.920833,2.179167,4.295833,NA,NA,NA,0.879167,1.995833,0.379167,1.725,NA,0.816667,4.333333,0.179167,0.604167,0.395833,1.816667,1.829167,2.7875,2.320833,NA,NA,2.145833,2.5375,0.866667,0.654167,1.316667,0.575,1.041667,1.995833,1.1375,2.483333,NA,3.05,2.304167,1.0625,1.478261,0.629167,0.370833,0.4625,3.25,1.35,2.083333,0.7375,1.841667,NA,2.304167,0.995833,2.4,1.304167,3.091667,-0.625,1.391667,0.679167,1.629167,3.054167,2.158333,0.045833,2.633333,3.9875,0.55,1.608333,0.654167,0.566667,1.108333,0.1,1.404167,0.254167
16/08/2015,1.058333,0.766667,1.483333,-0.325,3.129167,-1.0375,2.5625,2.729167,4.1375,NA,NA,0.220833,1.3,0.083333,3.333333,1.845833,2.129167,2.145833,1.7625,0.2375,1.033333,1.058333,NA,0.266667,1.454167,2.854167,2.941667,0.920833,0.691667,1.733333,0.558333,2.020833,1.095833,2.483333,-0.125,NA,1.6625,1.104167,2.220833,3.108333,NA,1.058333,0.9875,NA,0.85,2.075,0.616667,-0.120833,0.725,NA,1.7875,2.216667,1.504167,2.35,2.183333,1.191667,0.783333,0.820833,NA,1.166667,0.670833,2.275,1.345833,2.333333,3.420833,NA,NA,NA,1.220833,1.6125,1.041667,2.279167,NA,-0.0625,3.1375,0.695833,1.158333,0.879167,2.275,1.6625,1.920833,1.433333,NA,NA,1.345833,2.741667,1.320833,1.05,1.475,0.7375,1.041667,2.266667,1.3875,3.083333,NA,1.883333,1.766667,1.891667,1.8125,0.779167,-0.7875,-0.216667,2.316667,0.575,2.825,1.7125,1.8875,0.404167,1.4625,1.154167,2.8,1.633333,2.529167,-1.420833,1.075,0.9875,2.070833,2.525,1.45,0.654167,2.5875,2.725,0.325,1.65,0.920833,0.641667,0.725,-0.266667,1.891667,0.441667
17/08/2015,1.466667,1.308333,2.254167,0.7125,4.725,-0.091667,3.633333,4.166667,4.495833,NA,NA,1.320833,1.441667,0.7625,3.508333,2.083333,NA,NA,2.308333,0.3,1.25,1.641667,NA,1.470833,2.033333,3.516667,2.516667,2.179167,1.625,2.041667,0.779167,2.608333,1.7375,3.204167,1.329167,NA,1.958333,1.608333,3.075,3.7875,NA,1.483333,1.554167,NA,1.525,2.4375,1.175,0.575,1.2625,NA,NA,3.5875,2.258333,2.4125,2.591667,1.5375,1.395833,1.0125,NA,2.325,2.3375,2.708333,2.279167,2.616667,4.55,NA,NA,NA,1.7375,2.429167,1.758333,2.9125,NA,0.804167,3.541667,1.270833,1.825,1.329167,3.095833,3.25,2.654167,1.991667,NA,NA,2.066667,3.229167,1.958333,1.454167,1.8125,1.458333,1.425,2.629167,1.779167,3.2,NA,2.108333,2.654167,1.7125,2.175,1.420833,NA,NA,2.558333,1.804167,3.4125,2.416667,2.225,0.3625,2.479167,1.304167,3.5625,2.358333,2.766667,-0.416667,1.341667,1.275,2.595833,2.966667,2.1375,1.466667,2.670833,2.795833,0.825,2.183333,1.358333,1.283333,2.116667,1.308333,2.733333,1.354167
18/08/2015,1.458333,1.166667,2.4375,0.891667,3.358333,0.404167,4.245833,4.745833,4.05,NA,NA,1.354167,1.479167,0.441667,3.5625,2.3375,NA,NA,2.979167,0.7375,1.145833,1.45,NA,1.420833,2.258333,2.433333,2.075,2.195833,1.8625,2.370833,1.225,2.9,1.966667,2.8125,1,NA,NA,NA,2.895833,3.483333,NA,2.030435,1.495833,NA,0.954167,2.633333,1.909524,1.070833,1.741667,1.645833,3.15,3.6625,2.125,1.920833,2.870833,1.7125,1.0625,1.045833,NA,NA,0.341667,2.654167,1.529167,2.325,4.308333,NA,NA,1.608333,1.6625,2.558333,1.654167,2.629167,NA,1.295833,3.495833,1.504167,2.308333,1.670833,3.175,2.854167,2.016667,1.945833,NA,NA,2.016667,2.866667,2.1125,1.491667,2.183333,1.683333,1.520833,2.325,2.279167,3.45,NA,3.508333,2.479167,2.3125,2.3625,1.283333,NA,NA,2.3875,1.4625,3.608333,2.575,1.979167,0.670833,2.191667,1.616667,3.3375,2.091667,2.683333,-0.5375,1.470833,2.2375,3.3,2,2.095833,0.783333,2.604167,2.808333,1.195833,2.3625,1.7875,1.278261,1.804348,0.8,2.095833,0.695833
19/08/2015,NA,2.458333,2.15,0.145833,3.175,-0.5,3.495833,4.229167,3.554167,NA,NA,0.041667,0.875,0.35,3.565217,1.933333,NA,NA,2.254167,0.5625,1.504167,1.4375,0.620833,0.629167,1.6625,2.745833,2.4875,1.725,1.358333,2.091667,1.029167,2.283333,1.370833,2.8875,0.7375,1.170833,NA,NA,3.1,3.283333,NA,1.340909,0.766667,NA,0.5625,2.758333,1.416667,0.75,1.170833,1.0125,2.808333,2.95,1.791667,2.225,2.408333,0.854167,0.825,0.895833,NA,NA,NA,2.758333,1.441667,2.1,3.954167,1.629167,4.120833,1.766667,1.3,2.220833,1.25,2.283333,NA,NA,3.529167,0.841667,1.308333,0.9625,2.266667,2.520833,2.291667,1.770833,NA,NA,3.975,4.058333,1.15,0.970833,1.9375,1.366667,0.9375,2.520833,1.245833,NA,NA,2.666667,2.491667,1.725,1.691667,NA,NA,NA,2.45,1.170833,NA,NA,1.783333,0.029167,1.766667,0.5875,3.320833,1.929167,2.616667,-1.120833,1.1625,1.345833,1.516667,2.220833,1.808333,0.6625,2.3,2.181818,0.375,1.6875,0.9625,0.604167,1.575,0.079167,2.225,NA
20/08/2015,NA,1.591667,2.5,0.108333,3.0625,-0.529167,2.995833,3.916667,3.7375,NA,NA,0.483333,1.091667,0.4,3.570833,1.745833,NA,NA,2.508333,0.495833,1.408333,0.975,0.291667,1.045833,1.7375,2.604348,1.7625,1.929167,1.65,1.95,0.4625,2.433333,1.604167,2.758333,0.066667,NA,NA,NA,2.245833,3.141667,2.626087,1.980952,1.370833,NA,0.570833,2.208333,1.647826,0.654167,1.225,0.925,2.708333,2.1375,1.341667,1.983333,2.7375,1.683333,0.829167,1.0125,NA,NA,NA,2.275,1.245833,2.154167,3.920833,1.758333,3.5875,1.616667,2.133333,2.833333,1.554167,3.091667,NA,NA,3.616667,0.908333,1.295833,1.233333,3.033333,2.458333,2.166667,1.358333,NA,NA,4.816667,3.291667,1.654167,1.495833,1.779167,1.241667,0.854167,2.079167,1.3,NA,NA,2.183333,1.775,2.458333,1.633333,0.9875,NA,NA,1.9125,0.191667,NA,NA,2.975,0.479167,1.766667,0.825,3.65,2.425,2.695833,NA,NA,1.808333,2.879167,2.583333,1.65,2.626316,1.883333,2.254167,0.666667,2.183333,1.15,1.566667,2.4625,1.654167,3.729167,NA
21/08/2015,2.108333,1.529167,2.075,0.029167,2.8375,-0.791667,2.845833,3.891667,3.958333,NA,NA,0.5625,1.008333,0.408333,NA,NA,NA,NA,2.141667,0.6375,1.4125,0.945833,0.645833,0.941667,1.495833,NA,1.866667,1.645833,0.620833,2.216667,0.575,2.141667,1.366667,3.108333,0.316667,NA,1.470833,0.866667,2.279167,3.933333,3.3375,1.343478,0.695833,NA,0.216667,2.020833,1.5375,0.6625,0.941667,0.654167,2.229167,2.675,1.879167,1.816667,3.0625,1.708333,0.858333,1.0375,NA,NA,0.795833,2.975,1.633333,2.204167,4.075,1.8,3.166667,2.104167,1.370833,2.420833,1.604167,2.445833,NA,0.533333,4.9,1.533333,0.970833,1.508333,2.270833,1.941667,2.204167,1.566667,NA,NA,NA,3.8375,1.679167,0.758333,2.325,1.4375,1.358333,2.420833,1.054167,NA,NA,2.104167,2.195833,1.404167,2.095833,1.329167,-0.575,0.745833,2.654167,1.420833,NA,NA,1.991667,0.6125,1.6625,0.9875,3.245833,1.941667,2.7625,NA,NA,1.691667,2.841667,2.320833,0.866667,1.6125,2.166667,2.895833,0.45,1.841667,0.9375,1.083333,1.566667,0.691667,3.2125,NA
22/08/2015,1.9375,0.929167,2.225,0.208333,3.329167,-0.15,3.804167,4.479167,4.779167,NA,NA,0.775,1.491667,1.658333,NA,NA,3.204167,3.43913,2.195833,1.016667,2.829167,2.758333,2.033333,1.225,1.608333,3.1875,NA,3.083333,2.295833,2.975,2,2.945833,2.445833,3.7125,1.370833,2.073913,1.7375,1.1375,3.829167,4.0125,2.745833,2.009091,1.804167,NA,0.545833,3.0375,1.208333,0.7125,1.425,1.125,2.625,3.491667,3.004167,2.566667,4.0375,2.425,1.841667,1.783333,NA,NA,1.683333,3.35,2.229167,2.366667,4.6625,2.758333,4.029167,1.666667,2.295833,3.304167,1.45,3.258333,NA,0.945833,5.195833,2.25,2.3375,2.279167,4.995833,5.720833,3.0875,2.570833,NA,NA,NA,7.304167,2.033333,1.604167,2.858333,2.647826,1.9625,3.166667,2.608333,NA,NA,3.570833,3.2375,2.383333,3.016667,2.366667,0.875,1.904167,3.604167,2.629167,5.304167,3.283333,2.783333,1.3125,2.766667,1.845833,4.116667,2.925,4.029167,NA,NA,2.375,2.816667,1.725,1.745833,2.3875,3.683333,3.791667,1.454167,3.1625,1.741667,1.908333,2.554167,1.391667,3.7625,NA
23/08/2015,4.029167,2.8125,5.295833,1.770833,4.091667,0.854167,5.216667,5.958333,5.129167,NA,NA,2.278261,2.5125,2.2875,NA,NA,2.975,2.842857,4.061905,1.15,2.5,1.804167,0.879167,3.608333,3.970833,2.8,NA,3.554167,2.825,2.825,1.604167,4.545833,3.220833,3.7625,1.15,2.6,2.716667,2.141667,3.766667,3.875,1.891667,2.85,2.2625,NA,2.629167,4.85,2.2875,2.854167,3.608333,3.683333,5.6625,3.375,2.445833,2.445833,3.683333,2.254167,1.55,1.145833,NA,NA,3.266667,3.333333,2.15,2.675,4.733333,2.795833,4.720833,2.108333,3.554167,4.7375,3.495833,4.529167,NA,1.391667,4.6625,2.766667,2.829167,3.175,4.866667,4.575,3.195833,2.4875,NA,NA,NA,5.15,2.920833,2.175,2.933333,2.0875,1.741667,2.825,1.966667,NA,NA,2.6125,1.925,3.9375,1.9625,1.604167,0.316667,1.258333,3.583333,2.675,3.520833,2.2875,4.570833,2.145,2.679167,1.954167,5.316667,3.970833,3.629167,NA,NA,2.916667,4.595833,1.2375,1.045833,3.466667,2.75,3.816667,2.566667,3.525,2.520833,2.675,4.079167,2.945833,5.008333,NA
24/08/2015,3.642857,1.354545,2.025,0.154167,3.583333,-1.4375,2.729167,3.525,3.625,NA,NA,1.116667,1.6375,0.320833,NA,NA,1.9125,2.766667,2.079167,0.4,1.541667,1.020833,-0.15,1.066667,1.608333,NA,NA,2.0125,1.629167,1.6875,0.1375,2.783333,1.6375,2.679167,0.404167,1.452381,1.266667,0.35,2.9375,2.208333,1.470833,NA,0.770833,NA,-0.221739,2.329167,1.575,0.533333,0.966667,1.7,3.325,4.025,2.5,2.433333,2.604167,1.466667,1.15,1.3375,NA,NA,2.179167,2.866667,1.433333,2.2125,4,2.175,3.427273,2.433333,1.854167,2.9,1.670833,2.921739,NA,0.1625,3.279167,1.3875,1.825,0.9,3.575,4,1.941667,1.420833,NA,NA,NA,4.108333,2.3875,1.5625,1.420833,0.9875,1.708333,2.65,1.058333,NA,NA,2.266667,1.6375,2.054167,0.943478,0.35,0.266667,0.716667,3.1125,1.495652,1.866667,1.15,3.704167,1.5375,2.7875,0.820833,3.558333,2.195833,4.51,NA,NA,1.329167,2.0625,0.7875,0.920833,1.616667,2.195833,2.675,0.541667,2,1.283333,0.708333,2.516667,1.241667,3.625,NA
25/08/2015,3.295833,0.858333,2.008333,0.116667,3.1875,NA,NA,NA,3.104167,NA,NA,0.55,0.845833,0.545833,NA,NA,2.275,3.3,NA,-0.470833,0.75,1.175,0.475,1.058333,1.8125,NA,NA,1.770833,1.720833,2.254167,1.0625,2.725,1.05,2.383333,0.429167,1.017391,2.154167,1.304167,1.870833,2.6,1.5375,1.604545,0.85,1.129167,0.0125,2.847619,1.929167,0.854167,1.225,1.329167,2.2125,2.683333,1.325,1.595833,2.083333,0.908333,0.383333,0.945833,NA,0.695833,0.641667,2.541667,1.491667,1.883333,3.65,2.033333,3.766667,1.95,1.25,2.475,1.216667,2.2375,NA,1.191667,2.371429,1.020833,1.675,1.241667,2.554167,2.229167,1.8375,1.541667,NA,NA,NA,2.733333,1.7375,0.783333,1.704167,1.533333,0.933333,1.845833,1.675,NA,NA,1.654167,1.779167,2.095833,2.020833,2.55,-1.5875,0.829167,1.645833,0.320833,3.604167,1.816667,2.0875,-0.370833,2.095833,0.675,2.8375,1.691667,3.52,0.229167,NA,1.304167,1.904167,1.183333,1.120833,1.175,1.795833,2.379167,0.566667,2.25,1.270833,1.320833,1.8625,0.7375,1.925,NA
26/08/2015,2.7375,1.508333,1.945833,0.175,2.7,NA,2.233333,2.241667,3.783333,NA,NA,0.295833,1.266667,0.429167,NA,NA,NA,NA,NA,0.058333,0.6375,1.154545,0.825,1.025,1.316667,1.408333,1.625,1.683333,1.3625,1.941667,1.016667,2.370833,1.475,2.6375,0.2125,1.504167,1.729167,1.0625,2.8625,3.8625,1.895833,1.254167,1.008333,0.7,-0.370833,2.429167,1.670833,1.05,1.354167,1.120833,2.775,2.720833,1.691667,2.145833,2.975,1.308333,0.7125,1.541667,NA,0.995833,0.5625,2.969565,1.661905,1.708333,3.5625,1.804167,2.9,1.758333,1.679167,2.370833,1.625,2.075,NA,0.7,2.566667,0.991667,1.229167,0.934783,2.541667,2.229167,1.586364,0.982609,NA,NA,NA,2.929167,1.3125,1.008333,2.075,0.845833,1.129167,2.433333,1.158333,NA,NA,2.195833,1.666667,1.691667,1.816667,0.182609,-0.166667,1.1,2.579167,1.129167,2.925,1.729167,1.554167,0.145833,1.683333,0.783333,2.958333,2.25,3.294444,0.475,NA,0.991667,1.966667,2.1125,1.554167,1.2,2.383333,3.041667,0.305,1.958333,1.095833,1.620833,2.266667,1.1625,2.479167,0.45
27/08/2015,1.179167,-0.154167,1.190476,-0.836364,2.266667,NA,1.654167,1.133333,2.995833,NA,NA,-0.1125,0.591667,-0.725,NA,NA,NA,NA,NA,-0.845833,0.133333,0.620833,0.020833,0.620833,0.9125,NA,NA,0.379167,0.591667,1.241667,0.108333,1.55,0.583333,2.1625,-0.279167,1.034783,0.927273,0.3875,1.845833,2.795833,1.479167,0.2,0.245833,-0.35,-0.454167,2,1.491304,-0.1625,0.25,0.1,1.3125,2.804167,1.016667,1.270833,2.041667,0.6375,0.054167,0.458333,NA,0.145833,0.333333,2.070833,0.979167,1.133333,2.979167,1.1125,2.6875,1.972727,0.645833,0.7875,0.891667,1.141667,NA,-0.341667,1.933333,0.233333,0.595833,0.3,1.620833,0.9375,0.779167,-0.083333,NA,NA,NA,2.029167,1.241667,0.391667,1.033333,0.4375,0.495833,1.1875,0.4125,NA,NA,1.429167,1.3625,1.004167,1.629167,0.695833,-0.591667,-0.270833,1.8375,0.545833,2.541667,1.325,1.283333,-0.5375,1.0375,-0.154167,2.216667,0.7625,0.2375,-0.5,NA,0.429167,1.120833,1.6375,0.658333,0.595833,1.529167,1.995833,-0.545833,1.083333,0.279167,0.433333,1.2875,0.004167,1.825,0.679167
28/08/2015,0.8,-0.045833,1.0625,-0.866667,2.3625,NA,2.383333,1.965217,2.783333,NA,NA,-0.066667,0.129167,-0.183333,NA,NA,1.583333,2.05,NA,-0.454167,0.591667,0.179167,-0.354167,0.120833,0.525,NA,NA,0.829167,0.608333,1.229167,-0.066667,1.458333,0.579167,1.495833,-0.825,1.033333,1.004167,0.629167,0.891667,2.966667,1.3375,0.1125,0.070833,-0.083333,-0.175,1.7875,0.765217,-0.133333,0.35,0.5125,1.4125,1.908333,0.7,1.275,1.554167,0.541667,0.108333,-0.075,NA,0.225,-0.3,1.908333,0.383333,2.308696,4.066667,1.458333,2.720833,1.458333,-0.095833,1.4625,-0.116667,1.175,NA,0.258333,1.304167,-0.033333,0.270833,0.395833,1.570833,1.491667,1.079167,0.073913,NA,NA,NA,2.375,0.595833,0.091667,0.491667,0.883333,0.233333,1.433333,0.8625,NA,NA,1.445833,1.466667,0.9625,0.954167,0.716667,-1.283333,-0.270833,1.220833,0.434783,2.266667,1.229167,0.975,-0.65,1.125,0.004167,2.0875,0.6,-1.195833,-0.620833,NA,0.395833,1.245833,0.858333,0.8,0.305,1.325,1.791667,-0.229167,1.020833,0.3875,0.2625,0.870833,0.104167,1.191667,0.566667
29/08/2015,1.158333,-0.279167,1.666667,-0.6375,2.241667,NA,2.408333,2.320833,3.695833,NA,1.158333,-0.104167,0.675,0.15,NA,NA,2.320833,2.516667,1.204167,0.404545,1.2875,1.375,0.304167,0.2375,1.0875,NA,NA,1.266667,1.016667,1.995833,0.641667,1.691667,1.5625,2.420833,0.4125,2.229167,1.133333,0.533333,2.279167,3.641667,2.491667,0.8125,0.908333,-0.291667,-0.516667,2.229167,1.726087,0.329167,0.345833,0.445833,1.658333,3.416667,1.791667,1.791667,3.104167,1.791667,0.7625,1.420833,NA,0.779167,0.154167,3.3625,1.504167,3.541667,6.483333,2.0875,3.525,2.108333,0.958333,1.654167,1,1.4,NA,0.179167,2.258333,0.654167,0.8375,0.8,1.854167,1.520833,1.979167,1.054167,NA,NA,1.509091,3,1.629167,0.5625,1.256522,0.827273,1.0125,2.145833,1.1125,NA,NA,2.325,2.504167,1.366667,1.266667,1.429167,0.3375,0.229167,2.945833,1.275,3.483333,2.275,1.5,0.0125,1.9,0.991667,3.0875,1.254167,1.066667,0.508333,1.191667,0.729167,1.470833,2.933333,1.666667,0.8875,2.391667,3.095833,-0.004167,1.575,0.833333,0.75,1.570833,0.5625,1.841667,0.659091
30/08/2015,1.2875,-0.1625,1.7875,-0.216667,3.416667,NA,3.191667,2.366667,5.254167,1.2125,1.1625,0.745833,1.6375,0.633333,NA,NA,3.275,3.991667,2.0625,2.483333,2.604167,1.9625,0.7375,0.841667,1.1375,NA,NA,1.504167,1.3125,2.683333,1.129167,2.579167,1.579167,5.166667,2.029167,2.4125,1.558333,1.008333,5.595833,4.795833,3.191667,1.429167,1.408333,0.320833,0.441667,3.216667,2.0375,0.666667,0.591667,0.645833,2.395833,5.470833,4.091667,3.433333,4.058333,2.695833,2.083333,2.8875,NA,1.620833,0.9125,5.225,4.025,3.770833,7.308333,2.291667,4.179167,2.029167,1.45,2.120833,1.05,2.341667,NA,0.504167,4.2625,1.820833,1.533333,1.7375,2.204167,1.833333,3.279167,2.370833,NA,NA,2.179167,3.8125,1.958333,1.745833,NA,NA,2.475,3.083333,1.7875,NA,NA,3.525,3.825,1.816667,2.225,1.0625,1.55,2.133333,3.954167,2.245833,3.479167,2.2375,2.370833,2.283333,3.3625,2.3125,3.129167,1.741667,3.0375,2.133333,2.291667,1.266667,2.525,4.3125,3.204167,0.891667,3.645833,4.529167,0.391667,1.791667,1.483333,1.166667,1.654167,0.654167,3.170833,3.352174
31/08/2015,1.231818,1.065217,1.766667,0.129167,4.525,NA,2.791667,2.2875,4.2,2.425,2.2625,1.779167,2.541667,0.654167,NA,NA,3.183333,3.741667,2.05,1.020833,1.5625,1.258333,0.541667,1.454167,1.483333,NA,NA,2.716667,2.1625,2.445833,1.2,3.433333,2.4,3.1875,0.854167,3.304167,2.120833,1.504167,3.575,4.445833,2.275,1.608333,1.4125,NA,NA,2.241667,1.556522,0.829167,0.833333,1.2625,2.695833,4.3625,2.941667,2.5125,3.3875,1.275,1.558333,2.133333,NA,2.425,1.791667,3.641667,2.7625,5.045833,7.6875,3.7625,5.225,3.0875,1.8125,2.529167,1.579167,2.445833,NA,0.175,3.020833,1.166667,1.645833,1.575,2.541667,2.641667,1.4875,1.008333,NA,NA,1.741667,2.858333,2.679167,2.141667,NA,1.225,2.2,2.925,1.395833,NA,NA,4.375,3.458333,2.325,2.129167,0.8875,1.0375,0.879167,2.991667,0.858333,3.691667,1.579167,3.079167,1.216667,2.120833,0.604167,4.470833,2.9,0.518182,1.533333,1.895833,3.033333,3.845833,3.25,1.7875,1.270833,2.858333,3.804167,0.583333,2.9625,1.941667,1.633333,2.75,1.5125,3.608333,2.431818
01/09/2015,1.6875,0.254167,1.966667,-0.1125,3.427273,-0.416667,2.691667,2.245833,4.1875,1.816667,1.545833,1.729167,1.970833,0.570833,NA,NA,2.325,2.804167,2.025,1.021739,1.595833,1.145833,0.295833,0.520833,1.608333,2.033333,2.016667,2.070833,1.466667,2.1,0.420833,2.420833,1.7875,2.6375,0.345833,3.1625,1.783333,1.091667,3.3625,3.9875,NA,1.325,1.304167,NA,NA,2.366667,1.821053,0.6875,0.904167,0.854167,2.3625,4.670833,2.745833,2.066667,2.85,1.416667,1.745833,2.1125,NA,0.916667,0.4125,3.7875,2.629167,4.208333,7.329167,3.045833,4.541667,2.7125,1.191667,1.816667,1.9125,2.095833,NA,0.179167,2.720833,1.091667,1.391667,0.8875,2.383333,2.270833,1.570833,1.283333,NA,NA,1.7125,2.7,1.9625,1.308333,1.95,1.091667,1.891667,2.770833,1.804167,NA,NA,3.1125,3.254167,1.708333,1.916667,0.879167,1.145833,1.958333,2.791667,1.125,2.945833,1.6,2.104167,1.916667,2.191667,0.8,3.254167,1.591667,1.833333,1.120833,1.366667,2.554167,3.079167,2.391667,1.8625,1.166667,2.816667,3.1875,0.5625,2.45,1.504167,1.36087,1.708333,0.529167,2.758333,NA
02/09/2015,1.704167,0.6125,1.866667,-0.2,1.354167,-0.204167,2.520833,2.5125,NA,0.870833,1.125,1.054167,1.341667,0.291667,NA,NA,2,2.725,3.291667,1.341667,1.543478,0.695833,0.0625,1.541667,2.058333,2.820833,3.3875,2.158333,1.554167,2.2625,0.629167,3.029167,1.695833,3.279167,1.1,2.875,1.916667,1.2375,3.845833,4.1125,3.1375,2.079167,1.904167,NA,NA,2.454167,1.621739,0.7125,0.816667,1.066667,2.454167,3.754167,1.491667,3.366667,4.1125,2.333333,1.486957,1.7,NA,1.204167,0.7875,3.5625,2.55,4.358333,7.008333,2.591667,3.941667,2.658333,1.645833,1.979167,1.591667,2.366667,NA,NA,3.366667,1.0125,1.208333,2.191667,2.691667,2.758333,2.466667,1.883333,NA,NA,2.741667,3.466667,2.320833,1.625,1.825,1.241667,1.5,2.1625,1.666667,NA,NA,2.558333,1.954167,1.720833,1.908333,1.225,-0.179167,0.820833,3.870833,2.366667,2.8125,2.033333,2.15,1.120833,3.066667,1.841667,3.195833,1.820833,3.104167,0.208333,1.2375,1.645833,2.566667,1.7875,1.520833,0.729167,2.025,3.583333,0.483333,2.008333,1.283333,1.270833,2.591667,1.15,2.508333,NA
03/09/2015,1.2375,-0.283333,1.104167,-0.654167,1.0625,-0.5625,2.575,2.404167,NA,0.4625,0.533333,0.029167,0.925,0.191667,2.266667,1.729167,1.5125,2.375,1.775,0.304167,1.2875,1.2,0.05,0.808333,1.379167,2.233333,2.4,1.625,0.916667,1.9625,0.429167,1.9375,1.35,2.658333,0.220833,1.23913,NA,NA,2.9,2.958333,1.975,1.270833,1.058333,0.8375,NA,2.272727,1.268182,0.208333,0.454167,0.7625,2.304167,3.191304,1.3125,2.533333,3.120833,1.520833,0.866667,0.908333,NA,1.158333,0.566667,2.7375,1.5375,3.470833,6.2125,1.995833,3.4875,1.995833,0.970833,1.825,1.120833,2.054167,NA,NA,2.483333,0.166667,1.054167,0.954167,2.241667,1.808333,1.545833,0.866667,NA,NA,2.520833,3.416667,1.85,0.995833,1.579167,0.870833,1.041667,1.6875,1.4125,NA,NA,2.120833,1.858333,1.170833,1.958333,0.658333,-0.633333,0.170833,2.195833,0.979167,2.5375,1.445833,2.270833,0.05,2.141667,1.420833,2.7375,1.454167,2.0125,0.220833,1.029167,1.275,1.9,1.15,1.833333,0.445833,1.866667,2.829167,-0.158333,1.879167,0.929167,1.2125,2.004167,0.8875,2.258333,NA
04/09/2015,1.645833,-0.05,1.108333,-0.6,1.029167,-0.4,2.5625,2.770833,4.054167,0.445833,0.55,0.033333,0.433333,0.445833,1.991667,0.483333,1.525,2.4,1.8375,-0.054167,0.995833,0.4,0.366667,1.183333,1.804167,1.645833,1.970833,1.379167,1,1.470833,-0.05,2.320833,0.975,2,0.4125,1.333333,NA,NA,2.791667,2.954167,1.904167,1.204167,0.354167,0.2875,NA,1.741667,0.866667,0.075,0.304167,0.679167,2.154167,2.579167,1.4125,2.070833,2.379167,1.179167,0.266667,0.441667,2.379167,0.775,-0.05,2.520833,1.633333,3.370833,6.3125,1.745833,3.129167,2.170833,0.758333,1.658333,1.095833,1.829167,NA,0.308333,1.8375,0.6875,0.833333,0.283333,1.7125,1.55,1.165217,0.966667,NA,NA,1.783333,2.691667,1.345833,1.05,0.808333,0.941667,1.2125,1.416667,1.129167,0.454167,NA,1.275,1.904167,1.566667,1.420833,1.358333,-0.275,0.241667,1.983333,0.720833,2.654167,1.520833,2.0125,NA,1.908333,0.841667,2.658333,1.4625,1.020833,-0.025,0.4375,1.279167,2.029167,1.079167,1.4375,0.870833,1.7125,2.2625,-0.008333,1.745833,0.866667,0.879167,1.495833,0.633333,2.141667,NA
05/09/2015,0.845833,0.041667,0.866667,-0.991667,0.466667,-0.6125,2.270833,2.281818,3.741667,0.2,-0.108333,-0.016667,0.391667,-0.308333,1.5875,0.85,1.475,1.958333,1.125,-0.354167,0.491667,0.541667,0.066667,0.075,0.704167,0.883333,1.533333,0.670833,0.425,1.491667,-0.05,1.6,1.095833,1.875,0.2125,0.870833,1.870833,2.020833,2.583333,3.829167,1.916667,0.466667,0.620833,-0.270833,NA,1.495833,0.870833,-0.408333,0.358333,-0.008333,1.679167,3.245833,0.983333,1.3375,1.925,0.708333,0.304167,0.220833,2.295833,0.045833,-0.254167,2.095833,1.25,2.866667,5.6875,1.416667,3.0625,1.791667,0.408333,1.220833,0.1375,0.995833,NA,0.15,1.6,-0.1,0.5625,-0.083333,1.6875,1.345833,1.204167,0.358333,NA,NA,1.7375,2.379167,0.975,0.7,0.683333,0.475,0.6125,1.8375,1.216667,1.083333,NA,1.933333,1.7125,0.658333,1.5,1.15,-0.758333,-0.125,1.429167,0.6,2.554167,1.5375,1.425,0.366667,1.491667,0.633333,2.366667,0.895833,1.0875,-0.441667,0.633333,0.5375,1.395833,0.804167,1.0125,0.304167,1.570833,2.295833,-0.4125,1.283333,0.566667,0.55,0.670833,-0.258333,1.4875,0.345833
06/09/2015,0.983333,-0.013043,1.1875,-0.829167,0.841667,-0.075,2.470833,2.4875,3.683333,0.308333,0.45,0.108333,0.733333,0.095833,2.091667,1.395833,2.033333,3.154167,2.091667,-0.270833,1.133333,0.816667,0.404167,0.404167,1.133333,1.491667,1.633333,1.266667,1.075,1.404167,0.066667,2.2,1.1625,2.679167,-0.1625,1.5625,2.229167,1.445833,2.2375,2.966667,2.4125,1.404167,1.225,-0.554167,NA,1.629167,1.045833,-0.133333,0.658333,0.570833,2.691667,2.870833,1.129167,1.7875,NA,1.075,0.841667,0.795833,2.854167,0.5125,-0.425,2.516667,1.241667,3.725,5.995833,2.025,3.304167,2.066667,0.433333,2.008333,1.133333,1.95,NA,0.2875,1.904167,0.441667,0.929167,0.883333,2.470833,2.15,1.833333,0.716667,NA,NA,2.583333,2.820833,1.904167,1.208333,0.921739,0.804167,0.745833,2.104167,0.829167,2.541667,NA,2.275,2.295833,1.633333,1.4625,0.733333,-0.541667,0.445833,1.725,0.729167,2.816667,1.741667,1.758333,0.179167,2.0375,1.079167,2.966667,1.195833,1.65,0.3875,0.654167,0.979167,1.625,1,1.45,0.25,1.604167,2.704167,-0.179167,1.816667,0.929167,0.345833,1.85,0.120833,1.933333,0.7125
07/09/2015,1.413043,-0.086957,1.8875,0.473913,1.483333,0.545833,2.917391,2.561905,3.905,1.308333,0.795833,0.825,1.295833,0.120833,2.429167,1.6125,2.279167,3.116667,2.679167,0.495833,1.120833,1.5125,0.6875,1.233333,1.608333,1.775,2.2,1.9125,1.1375,1.975,0.5875,2.6625,1.8125,2.795833,0.225,2.033333,2.366667,1.445833,4.025,3.270833,3.220833,1.825,0.820833,0.838095,NA,2.404167,1.108333,0.595833,0.966667,0.845833,2.870833,3.958333,1.9,2.183333,NA,1.595833,1.416667,1.245833,3.354167,0.8,0.1375,3.045833,2.3,4.529167,6.975,2.4,4.3375,1.983333,1.145833,2.254167,1.325,2.433333,2.516667,0.770833,2.141667,0.766667,0.958333,1.079167,2.825,2.679167,1.441667,0.620833,NA,NA,2.795833,3.233333,1.629167,1.3,1.7125,1.4375,1.529167,2.041667,1.5875,2.65,NA,2.345833,2.395833,1.9,1.820833,1.2625,0.5,0.7,1.841667,1.190909,NA,2.668421,2.583333,0.75,2.408333,1.1375,NA,NA,1.6,0.625,0.820833,1.966667,2.804167,1.575,1.821739,1.058333,2.420833,2.65,0.429167,2.154167,1.358333,1.220833,2.008333,1.191667,2.279167,1.058333
08/09/2015,3.204167,1.7875,4.333333,2.670833,2.3625,3.25,NA,NA,4.266667,2.55,2.045833,2.079167,2.783333,3.575,3.8625,2.954167,3.65,4.258333,4.2125,0.820833,1.408333,3.2875,2.429167,3.4875,3.716667,2.7625,2.416667,3.170833,2.6625,3.591667,2.129167,4.720833,3.7,2.579167,0.766667,3.145833,4.070833,3.608333,2.7,3.354167,3.191667,3.758333,3.983333,3.429167,NA,5.241667,3.604348,3.15,4.075,2.370833,4.329167,3.825,2.329167,2.6375,NA,1.4,1.2875,1.216667,2.920833,1.329167,0.966667,2.708333,1.8,4.4875,7.808333,3.116667,4.370833,2.720833,2.983333,3.958333,3.175,3.804167,2.9,3.104167,2.204167,5.025,5.454167,3.045833,3.570833,3.604167,1.666667,0.729167,NA,NA,2.920833,3.045833,3.391667,2.570833,3.695833,3.041667,2.0125,2.7,4.116667,4.0875,NA,3.025,3.15,4.858333,3.9,2.4625,0.720833,0.9125,3.075,0.920833,NA,3.466667,2.954167,0.866667,2.5125,1.4875,NA,NA,2.245833,1.2125,1.220833,4.704167,5.4125,1.870833,2.179167,1.756522,2.504167,2.820833,4.45,5.241667,4.9125,4.433333,3.316667,1.8875,2.954167,2.358333
09/09/2015,2.045833,2.113043,2.983333,1.833333,1.245833,5.041667,NA,NA,4.3375,1.458333,1.3125,1.020833,2.075,2.391667,3.991667,2.1125,3.108333,3.775,2.704167,0.966667,2.0625,2.6125,1.770833,2.945833,3.4625,2.7875,2.675,2.258333,2.145833,3.1625,1.8,3.0875,2.5125,3.025,0.7875,1.8875,6.13913,5.3125,3.641667,4.670833,3.295833,2.466667,1.575,3.045833,NA,4.079167,1.954167,2.845833,2.8,2.425,4.6625,4.995833,2.479167,2.391667,NA,1.6875,NA,1.570833,4.121739,1.183333,0.895833,3.1,2.120833,4.133333,6.4625,2.4125,4.416667,2.0375,2.125,2.6375,1.683333,2.8625,1.7,4.941667,2.575,2.508333,2.770833,1.833333,2.904167,2.85,2.025,1.4125,NA,NA,2.733333,2.858333,1.9375,1.4375,3.129167,2.454167,2.133333,2.4,3.6125,NA,NA,2.6625,2.995833,3.033333,3.858333,2.416667,-0.2375,0.933333,2.920833,1.35,NA,3.158333,3.020833,NA,2.284211,1.3875,NA,NA,2.404167,0.920833,1.5375,2.2625,2.7125,1.929167,2.345833,1.1875,2.675,3.025,1.879167,3.375,2.741667,2.116667,2.508333,1.445833,2.483333,1.691667
10/09/2015,1.9875,NA,2.929167,1.416667,2.75,5.1375,NA,NA,5.483333,2.891667,2.345833,2.966667,2.916667,2.545833,3.8875,3.808333,5.183333,5.895833,3.483333,2.3,2.533333,4.595833,3.5375,2.670833,3.541667,4.341667,4.4375,3.825,2.995833,5.275,3.270833,4.5875,3.441667,4.454167,2.05,3.891667,6.0125,5.158333,5.316667,7.533333,5.6,2.729167,2.05,1.8375,NA,3.079167,1.358333,1.654167,1.745833,1.545833,3.620833,6.154167,3.35,3.320833,NA,2.916667,NA,2.8875,5.233333,1.704167,1.775,4.375,3.783333,5.154167,8.133333,4.0375,5.404167,3.233333,3.479167,3.945833,3.0125,3.716667,2.725,5.279167,3.9375,3.5375,3.404167,2.6375,3.708333,3.558333,3.558333,2.566667,1.583333,NA,3.8875,3.683333,3.370833,2.358333,5.025,3.691667,3.1625,4.0875,6.375,NA,NA,5.345833,5.133333,3.05,6.220833,3.729167,2.029167,2.175,4.795833,3.229167,3.291667,3.5125,4.816667,NA,3.491667,2.9625,4.541667,3,3.325,3.15,3.01,3.829167,4.3875,2.883333,2.595833,1.5125,3.4125,4.829167,3.308333,4.154167,3.241667,2.754167,3.2375,2.0375,3.283333,1.816667
11/09/2015,3.258333,NA,3.95,1.754167,3.295833,4.029167,NA,NA,7.425,3.366667,3.0375,2.854167,3.166667,2.795833,3.591667,3.220833,NA,5.4875,4.666667,3.6875,4.2875,4.7625,3.645833,3.3875,4.279167,5.633333,5.7375,4.175,3.720833,5.454167,4.033333,5.6875,3.933333,6.429167,3.6,4.708333,5.358333,5.279167,4.82381,6.55,5.154167,3.579167,3.204167,2.775,NA,3.883333,2.725,2.0875,2.454167,2.525,4.325,6.033333,4.3,4.566667,NA,5.125,NA,3.5625,5.279167,2.9,2.629167,5.4125,4.6875,5.904167,8.6625,4.4125,5.9625,3.3875,4.229167,4.875,4.595833,4.854167,3.9625,6.145833,NA,3.5875,3.870833,3.216667,4.2625,4.320833,4.533333,3.45,2.441667,NA,5.45,4.954167,4.225,3.004167,4.816667,4.170833,2.8625,3.741667,5.0375,NA,NA,3.9875,4.041667,4.4125,5.025,2.966667,2.15,2.354167,6.495833,4.558333,3.991667,3.5625,4.758333,NA,4.075,4.245833,5.2375,2.975,4.845833,2.104167,2.591667,4.15,4.404167,3.183333,3.091667,2.125,4.4625,7.229167,3.15,4.5625,3.833333,3.558333,4.0375,2.7125,4.0375,2.725
12/09/2015,4.954167,NA,3.154167,1.345833,3.258333,1.008333,NA,NA,4.9625,3.8,3.0125,3.975,3.345833,2.458333,2.025,1.508333,NA,2.854167,4.329167,1.870833,1.933333,1.979167,1.104167,2.766667,3.066667,3.208333,2.966667,6.004167,5.379167,2.833333,1.3875,6.866667,5.4625,4.195833,1.379167,4.5125,3,2.116667,2.2875,4.058333,2.683333,3.970833,3.183333,2.5375,NA,2.9875,1.575,1.8375,1.941667,2.258333,3.541667,3.9875,1.945833,3.241667,NA,2.55,NA,1.725,3.7875,3.2375,3.3375,3.791667,2.2875,6.0125,8.829167,4.495833,5.766667,4.725,5.6125,5.754167,4.583333,5.795833,4.379167,1.608333,NA,3.604167,3.745833,2.85,4.620833,3.816667,2.154167,2.2,2.979167,NA,6.041667,4.991667,5.5875,4.625,2.375,1.7875,1.983333,2.579167,1.625,-0.370833,0.9375,2.833333,2.316667,3.5375,2.8875,1.658333,0.079167,1.1,3.779167,2.016667,1.9375,1.85,5.829167,NA,3.620833,1.995833,6.591667,4.433333,2.708333,0.779167,0.733333,3.895652,4.804167,1.695833,1.275,2.266667,2.266667,3.870833,3.479167,4.791667,3.65,3.7375,4.808333,3.241667,4.833333,4.090476
13/09/2015,2.054167,NA,1.925,0.195833,1.645833,0.925,NA,NA,4.445833,1.516667,1.058333,1.241667,1.383333,0.966667,3.016667,2.3125,NA,3.433333,2.7625,1.3875,1.3375,2.070833,1.3,1.445833,1.8625,3.066667,2.65,2.433333,2.083333,3.15,1.445833,3.470833,2.220833,3.9125,1.5625,2.495833,2.2625,1.804167,2.125,4.1625,2.458333,1.708333,1.5875,0.825,NA,2.741667,1.091304,0.466667,1.004167,0.929167,2.725,4.0375,2.158333,2.875,NA,2.0375,NA,2.3,3.829167,2.3375,1.725,3.770833,2.091667,4.108333,6.904167,2.654167,3.833333,2.575,2.045833,2.85,3.195833,3.433333,2.504167,1.2125,NA,1.8,1.995833,1.466667,3.275,2.875,2.241667,2.054167,1.891667,NA,4.25,3.754167,3.016667,1.804167,2.691667,2.383333,2.041667,2.629167,2.879167,0.9625,2.279167,3.145833,3.55,2.5,3.241667,1.9625,-0.0125,1.608333,3.533333,2.216667,3.0875,2.691667,3.2875,NA,2.808333,1.629167,3.225,2.495833,2.804167,1.4375,1.545833,2.145833,2.675,2.513043,1.9875,1.125,2.7625,3.654167,1.445833,2.754167,2.2125,1.85,3.2,1.8125,2.858333,2.283333
14/09/2015,3.329167,NA,2.579167,0.8625,1.954167,2.091667,NA,NA,3.916667,2.3875,1.975,1.9375,2.0875,2.066667,2.466667,1.721739,NA,2.954167,3.704167,1.445833,1.770833,1.8625,1.166667,2.629167,3.116667,2.375,2.654167,3.65,3.354167,3.441667,2.041667,5.0125,3.5,3.116667,0.8625,3.141667,2.558333,2.070833,1.9625,3.9625,1.8125,3.204167,2.1625,2.383333,NA,3.870833,2.725,2.0375,2.275,2.258333,3.904167,3.5125,2.4,2.670833,NA,1.779167,NA,2.175,3.720833,3.025,1.291667,3.666667,1.904167,4.729167,5.477273,3.316667,4.629167,3.104348,3.1625,3.983333,3.833333,4.241667,2.604167,1.916667,NA,3.2125,3.708333,2.733333,5.225,4.804167,2.245833,1.358333,1.104167,NA,4.504167,3.825,3.508333,2.083333,2.520833,2.575,1.920833,3.075,2.029167,0.066667,0.4875,2.545833,2.166667,3.008333,3.033333,1.570833,0.525,1.058333,3.491667,1.316667,1.75,1.8375,4.183333,NA,2.925,1.354167,5.0875,3.15,2.770833,0.65,1.2,2.325,NA,1.845833,1.541667,2.3375,2.229167,3.395833,2.5,3.8875,2.908333,NA,3.695455,2.582609,4.066667,3.070833
15/09/2015,2.25,NA,2.2125,0.179167,0.570833,0.920833,2.058333,2.8375,3.375,1.179167,0.845833,0.704167,0.558333,0.179167,2.4625,0.804348,NA,2.4625,2.329167,0.470833,0.75,1.233333,0.125,0.933333,1.183333,1.954167,1.6875,2.045833,0.975,2.095833,0.891667,3.254167,1.708333,2.679167,-0.029167,1.391667,2.695833,1.566667,1.108333,3.408333,1.6875,1.825,1.466667,1.791667,NA,2.829167,0.9625,0.925,0.933333,1.5125,3.445833,2.854167,1.4125,1.979167,NA,0.941667,NA,1.370833,3.2625,1.1,0.454167,2.775,1.3375,2.075,1.554167,2.008333,3.170833,2.616667,1.583333,2.358333,2.116667,2.629167,1.331818,0.916667,3.7,1.545833,1.491667,0.670833,2.9,2.429167,1.283333,0.879167,-0.183333,NA,3.183333,2.416667,1.766667,0.891667,1.691667,1.3375,0.979167,1.629167,1.4375,NA,1.45,1.695833,1.9125,1.904167,2.825,1.129167,-0.316667,0.2,3.045833,0.758333,2.525,1.9875,2.395833,NA,2.083333,0.383333,2.6625,1.358333,1.425,0.620833,0.508333,1.9125,NA,2.066667,1.370833,0.4125,NA,2.420833,1.2,2.354167,1.558333,NA,2.170833,1.1,2.4875,1.486957
16/09/2015,2.283333,1.345833,1.658333,0.166667,2.1125,1.258333,2.329167,2.925,4.195833,1.816667,2.381818,1.908333,2.091667,0.545833,3.0125,1.6625,2.966667,3.454167,3.070833,1.195833,1.6625,2.4125,1.820833,1.716667,2.416667,2.9875,3.279167,2.216667,1.9,2.9875,1.366667,3.575,2.2,3.320833,0.829167,4.433333,2.291667,1.429167,2.025,3.845833,1.908333,2.320833,1.529167,0.804167,NA,2.283333,1.404167,1.116667,1.291667,1.316667,2.466667,3.808333,1.958333,2.529167,NA,1.8125,NA,2.120833,3.583333,2.4875,NA,3.333333,1.970833,4.8125,3.2375,4.379167,5.625,3.770833,1.783333,2.75,2.175,2.5,3.504167,0.695833,3.275,2.4125,2.395833,1.395833,3.1875,3.070833,1.966667,1.6875,0.320833,NA,4.566667,3.7125,2.154167,1.816667,3.470833,2.370833,2.691667,2.7,2.475,NA,1.595833,2.929167,2.6375,2.466667,2.4875,1.3625,0.491667,0.4875,3.479167,1.508333,1.945833,1.920833,3.121739,NA,2.866667,0.95,3.470833,1.291667,2.6875,0.979167,0.691667,1.8,2.770833,3.129167,1.9875,1.3125,1.113043,3.4875,1.583333,2.945833,2.0375,2.004167,2.579167,1.375,3.045833,1.7
17/09/2015,1.52381,NA,1.6375,-0.095833,-0.025,0.35,1.7375,2.6375,3.233333,0.354167,-0.045833,-0.345833,-0.3,0.416667,1.179167,0.45,0.654167,1.5875,2.0125,0.341667,0.25,0.504167,-0.425,NA,NA,1.55,1.904167,1.370833,0.920833,0.866667,-0.220833,2.720833,1.1375,2.566667,-0.1875,0.745833,1.725,1,1.008333,2.7,1.4625,1.55,1.041667,0.5875,NA,2.229167,1.491667,0.9625,1,0.7125,2.658333,2.75,0.8,1.525,NA,1.004167,NA,1.191667,2.904167,0.895833,NA,2.295833,0.845833,1.275,0.420833,1.575,2.5375,1.608333,0.408333,1.645833,0.554167,1.616667,NA,0.225,2.304167,0.35,0.3875,0.833333,1.954167,1.779167,1.145833,1.104167,-0.991667,NA,3.5625,2.133333,1.483333,0.55,0.395833,0.1125,0.754167,1.6375,0.691667,-0.866667,0.7125,1.4125,1.229167,1.783333,1.433333,0.104167,-0.479167,-0.066667,1.75,-0.079167,1.495833,1.279167,2.457895,NA,1.55,0.229167,1.758333,0.354167,1.7375,-0.533333,0.308333,0.85,2.2125,1.558333,1.3,0.216667,0.056522,2.466667,-0.216667,1.629167,0.733333,0.695833,1.816667,0.6375,1.820833,0.175
18/09/2015,0.633333,NA,0.745833,-0.920833,0.845833,-0.191667,1.370833,2.066667,2.85,1.3,1.158333,0.795833,0.970833,0.408333,NA,0.3625,0.9875,1.854167,1.383333,0.116667,0.775,0.470833,-0.116667,NA,NA,2.06087,1.6,1.566667,0.970833,1.1875,-0.083333,2.7125,1.3,1.442857,-0.495833,1.825,0.991667,0.545833,1.675,2.8375,1.791667,1.604167,1.2625,0.725,1.108333,3.195833,0.673913,0.291667,0.604167,0.3625,1.979167,2.308333,0.770833,1.7,NA,0.620833,0.354167,0.7625,2.5375,1.233333,NA,2.1875,0.520833,2.382609,0.295833,1.6875,3.041667,1.958333,1.4625,2.4125,1.2,2.070833,NA,0.216667,1.808333,1.1375,1.3125,0.954167,2.1875,2.058333,0.8625,0.75,-0.704167,-0.195833,4.466667,2.583333,2.379167,1.620833,0.8125,0.458333,0.2875,1.1875,0.620833,-0.8,0.975,1.166667,1.275,2.25,1.8375,-0.220833,-1.533333,-1.478261,2.066667,-0.045833,1.308333,0.8875,2.616667,NA,1.270833,-0.041667,2.054167,0.779167,1.075,-0.4,0.1,0.9,2.220833,1.7875,0.791667,-0.35,-0.55,1.7875,0.104167,2.408333,0.841667,1.6125,1.979167,0.470833,2.316667,0.954167
19/09/2015,1.429167,NA,1.175,-0.4875,4.1625,1.245833,3.179167,4.508333,3.816667,5.475,5.616667,5.275,5.733333,1.4875,NA,1.508333,5.4125,6.354167,3.604167,0.991667,1.2375,2.829167,2.758333,1.116667,1.495833,2.1125,2.445833,3.041667,2.225,4.645833,3.583333,4.429167,3.008333,2.295833,0.7125,4.966667,2.958333,2.079167,2.241667,3.9875,2.904167,3.3125,2.829167,0.733333,1.066667,2.741667,0.541667,0.654167,1.116667,0.595833,2.7125,4.8625,2.9375,1.4375,NA,1.341667,0.525,1.970833,3.9375,1.316667,NA,2.629167,2.095833,4.258333,2.925,4.441667,5.7875,5.0875,2.429167,2.866667,2.354167,2.483333,4.220833,0.795833,2.595833,2.854167,2.895833,3.0625,3.108333,2.545833,1.579167,1.683333,0.1875,0.241667,4.145833,2.6625,3.143478,2.608333,4.083333,3.458333,2.458333,3.270833,1.766667,0.354167,1.5625,3.5375,3.416667,3.1125,3.029167,1.825,0.479167,0.708333,3.020833,0.5625,2.079167,NA,3.091667,NA,2.483333,1.004167,3.683333,1.395833,2.816667,1.65,1.508333,5.717391,7.895833,2.416667,2.430435,0.870833,0.4375,3.083333,2.216667,3.708333,2.620833,2.983333,2.0875,0.7125,2.6375,0.878261
20/09/2015,3.604167,NA,2.341667,1.133333,3.766667,1.6375,3.854167,4.8125,5.7,4.758333,4.341667,4.470833,4.25,2.741667,NA,2.866667,4.8125,5.643478,5.383333,2.683333,3.845833,4.041667,2.929167,2.254167,2.695833,2.604348,3.391667,3.541667,3.229167,5.370833,3.891667,4.758333,4.025,5.829167,3.3125,4.675,3.0875,2.329167,3.616667,5.095833,4.1125,4.225,3.870833,1.329167,2.179167,3.3875,2.775,1.879167,2.220833,1.958333,4.095833,6.383333,4.716667,5.0375,NA,3.241667,3.1,3.145833,5.166667,3.975,NA,4.679167,3.820833,5.279167,4.216667,5.720833,7.079167,6.991667,4.120833,4.820833,4.3,4.920833,6.033333,1.645833,4.6625,3.320833,3.8375,3.941667,4.470833,4.333333,4.425,4.229167,1.2875,1.225,7.3875,5.270833,6.008333,4.820833,3.9125,3.220833,2.7875,4.054167,2.370833,1.541667,2.933333,6.704167,5.075,4.5875,3.354167,2.591667,2.916667,2.320833,4.091667,2.6625,2.529167,3.35,5.129167,NA,4.904167,3.691667,5.154167,2.704167,4.35,2.929167,3.383333,4.325,5.633333,3.579167,3.579167,1.533333,1.745833,4.720833,2.85,4.179167,3.529167,4.066667,3.966667,2.975,4.379167,2.741667
21/09/2015,2.836364,NA,2.479167,0.578261,2.958333,1.441667,3.283333,4.1,6.141667,NA,NA,3.2875,3.3125,1.966667,NA,2.454167,3.5875,4.23913,3.8125,3.591667,3.683333,2.566667,1.720833,1.933333,3.0625,NA,4.1625,3.354167,3.008333,4.441667,2.9625,5.525,3.458333,5.625,3.170833,4.741667,2.9,2.270833,4.8625,4.866667,3.541667,3.483333,2.225,1.370833,2.216667,3.663636,2.636364,1.766667,1.866667,2.145833,3.195833,5.275,3.908333,5.508333,NA,4.2,3.8875,4.029167,5.758333,3.816667,NA,5.775,4.295833,5.379167,3.591667,4.833333,6.125,5.4125,3.220833,3.7125,2.858333,3.779167,4.241667,1.545833,4.708333,2.1875,2.883333,2.25,4.3875,4.295833,4.595833,4.570833,1.891667,2.129167,9.595833,6.8625,4.6375,3.416667,3.6375,2.8375,3.35,4.145833,3.195833,1.666667,2.65,4.454167,4.604167,3.179167,3.4625,2.245833,2.925,2.65,5.441667,3.129167,2.541667,2.970833,4.683333,NA,4.754167,3.220833,3.85,2.816667,4.956522,2.920833,2.825,3.504167,4.575,3.779167,3.029167,2.2875,NA,5.145833,1.875,3.883333,2.833333,2.725,3.642857,2.726087,4.270833,3.208333
22/09/2015,1.183333,0.4,0.883333,-0.813043,0.804167,0.3125,2.025,2.583333,3.470833,NA,NA,0.9,0.808333,0.495833,NA,1,1.179167,1.841667,2.2,NA,0.904545,0.016667,-0.179167,1.116667,1.025,NA,2.079167,1.454167,1.2875,1.554167,0.333333,2.608333,1.4625,2.470833,-0.104167,1.986957,1.833333,1.325,1.529167,3.145833,1.091667,1.7625,0.654167,0.2875,0.529167,2.233333,0.670833,0.358333,0.545833,0.35,2.033333,2.733333,1.241667,2.491667,NA,1.05,1.0375,1.608333,2.895833,1.654167,NA,2.920833,1.708333,2.429167,0.541667,1.966667,3.329167,2.641667,1.1,2.6875,1.829167,2.320833,1.770833,0.495833,1.95,0.9125,1.045833,0.625,2.154167,1.845833,1.558333,1.079167,-0.033333,0.15,6.466667,3.958333,1.895833,1.079167,1.445833,1.045833,0.895833,1.3625,0.9625,-0.5875,0.7625,2.370833,1.791667,2.266667,1.5875,0.645833,0.3125,-0.2125,2.4,0.929167,0.679167,1.6625,2.533333,NA,2.079167,1.145833,2.4375,1.008333,1.9,0.079167,0.169565,1.1875,2.179167,1.9375,0.875,0.6625,NA,2.558333,0.320833,2.0875,1.025,1.4,1.975,0.8,2.579167,0.570833
23/09/2015,1.8125,0.458333,1.766667,-0.4625,0.454167,0.5375,2.829167,3.145833,2.683333,NA,NA,0.125,0.508333,0.345833,NA,1.06087,1.9625,2.429167,2.229167,-0.269565,0.329167,1.479167,0.429167,0.979167,1.425,2.0125,1.541667,1.395833,1.391667,1.447826,0.241667,2.395833,1.4375,1.7375,0.029167,1.15,2.091667,1.9375,0.816667,2.108333,1.195833,1.458333,0.966667,0.733333,1.226087,NA,NA,1.020833,0.6,1.283333,2.395833,2.341667,1.208333,1.604167,NA,1.054167,0.7125,0.95,2.45,1.195833,0.35,NA,0.716667,1.604167,0.466667,NA,NA,1.4125,1.454167,1.925,1.583333,1.9625,1.513636,1.058333,1.495833,0.983333,1.3375,0.641667,2.2,1.558333,0.641667,1.275,-0.516667,0.1,4.7375,2.591667,1.508333,0.829167,1.279167,0.9875,0.6125,1.675,1.1625,0.275,1.583333,1.013636,1.408333,1.7625,1.445833,1.116667,-0.5125,-0.475,1.741667,0.05,1.8375,1.583333,1.565217,NA,1.8625,0.391667,2.125,1.445833,0.957143,-0.316667,-0.25,1.254167,1.720833,0.991667,0.791667,0.529167,NA,2.466667,0.404167,2.045833,1.345833,1.314286,1.45,0.370833,1.995833,0.745833
24/09/2015,1.020833,0.5,1.304167,-0.918182,0.283333,-0.1625,1.266667,1.6875,3.033333,NA,NA,NA,NA,-0.266667,1.141667,0.5875,1.120833,1.7,1.416667,0.016667,1.025,0.8875,-0.095833,0.416667,0.958333,-0.715,0.941667,1.366667,0.820833,1.575,-0.325,2.4125,1.070833,2.05,-0.4375,0.408333,1.895833,0.95,1.075,3.195833,2.079167,0.733333,0.683333,0.020833,0.704167,NA,NA,0.1,-0.041667,0.445833,1.75,2.729167,1.058333,1.629167,NA,0.716667,0.7375,1,2.579167,0.879167,-0.316667,NA,0.854167,1.720833,0.208333,NA,NA,NA,0.8125,1.745833,1.2875,1.766667,0.904167,-0.008333,1.7,0.4625,0.3,0.091667,1.958333,1.179167,0.791667,1.304167,-0.2375,0.1125,5.441667,2.566667,1.466667,0.570833,1.6375,0.854167,0.620833,1.508333,0.766667,0.0125,1.558333,0.529167,1.933333,1.233333,2.058333,1.075,-0.654167,-0.5375,2.604167,0.266667,1.129167,0.7875,1.854167,NA,1.475,0.4375,1.795833,0.8875,1.316667,0.325,-0.025,0.408333,1.9875,1.445833,0.8,-0.116667,NA,2.4875,-0.05,1.545833,0.379167,0.6625,1.891667,0.616667,1.833333,0.5625
25/09/2015,-0.429167,-1.220833,0.079167,-1.495833,0.245833,-0.016667,0.716667,2.058333,3.016667,NA,NA,NA,NA,-0.775,2.0625,0.858333,1.2625,1.933333,1.4125,-0.165217,0.741667,0.8,0.391667,-0.2375,0.425,0.058333,2.029167,0.9875,0.4875,1.65,0.2375,2.116667,0.6875,1.675,-0.545833,1.325,1.766667,0.808333,1.4625,2.979167,2.191667,0.5,0.120833,-0.5,-0.5,1.445833,1.304167,-0.754167,-0.5375,-0.783333,0.85,2.966667,0.745833,1.433333,NA,0.4625,0.133333,0.85,2.429167,0.379167,-1.0625,NA,1.56087,1.925,0.108333,0.8875,2.391667,NA,0.5125,1.133333,0.4875,1.516667,0.908333,0.370833,1.516667,0.179167,0.379167,-0.075,1.283333,1.15,1.0375,0.6625,-0.7125,-0.825,5.4625,2.2,1.608333,0.695833,1.520833,0.679167,0.579167,1.783333,1.283333,-0.041667,1.416667,0.8875,1.870833,0.645833,2.004167,0.45,-1.445833,-0.745833,1.9125,0.195833,1.6625,1.908333,0.920833,NA,1.379167,-0.008333,1.508333,0.279167,0.9625,NA,NA,0.675,1.254167,1.275,0.704167,-0.191667,-0.625,1.8625,-0.420833,1.566667,0.233333,-0.045833,1.145833,0.0375,1.333333,0.008333
26/09/2015,0.854167,0.125,1.3875,-0.2375,0.908333,1.091667,2.145833,3.491667,3.629167,NA,1.6875,-0.1,1.691667,0.808333,2.279167,1.579167,2.979167,3.2125,2.379167,0.658333,1.4375,1.433333,0.470833,0.85,1.479167,0.466667,2.895833,1.591667,0.904167,2.195833,0.725,2.591667,1.454167,2.683333,0.816667,1.3625,2.995833,1.854167,1.420833,3.15,2.4125,2.016667,1.233333,0.325,0.629167,2.916667,2.8,0.929167,0.7,1.3125,3.175,3.3,1.379167,1.8125,NA,1.316667,0.604167,0.891667,2.7375,1.283333,0.275,3.1625,1.545833,2.020833,0.5375,1.9375,3.541667,2.083333,2.108333,2.8875,1.2125,2.1375,1.6,1.191667,1.775,1.75,1.85,1.058333,2.595833,2.516667,1.3875,1.095833,0.458333,0.066667,5.895833,2.779167,2.229167,1.508333,2.216667,1.270833,1.5125,2.483333,1.570833,0.583333,2.179167,1.216667,0.841667,2.304167,1.941667,0.970833,-0.529167,0.85,2.779167,0.8375,1.816667,1.795833,2.065217,NA,2.304167,1.033333,2.4625,-0.25,2.495833,NA,NA,1.491667,2.258333,1.429167,1.5375,0.966667,0.320833,2.45,0.883333,2.604167,1.8625,1.9875,1.641667,0.854167,2.4375,0.625
27/09/2015,1.854167,0.854167,2.195833,-0.6125,1.604167,2.070833,3.75,4.4125,3.204167,NA,1.221739,-0.147826,1.783333,1.733333,2.4875,1.5875,2.833333,3.05,2.425,0.766667,1.279167,1.070833,0.55,1.429167,2.891667,1.341667,1.975,1.858333,1.825,1.95,0.554167,4.258333,2.541667,2.625,0.129167,2.291667,3.025,1.6375,1.679167,3.116667,2.0875,1.929167,1.133333,1.133333,1.508333,3.141667,2.604167,1.325,1.325,0.975,2.729167,3.520833,1.858333,1.45,NA,1.179167,0.733333,0.954167,2.858333,2.316667,0.85,2.445833,0.808333,2.375,0.479167,2.208333,3.516667,1.283333,2.666667,3.45,2.85,3.283333,1.658333,1.079167,1.654167,1.941667,2.216667,1.1125,4.145833,3.716667,1.35,0.541667,1.166667,1.495833,5.233333,2.495833,2.029167,1.426087,2.575,1.604167,1.758333,2.245833,2.320833,0.670833,2.104167,1.3,1.604167,2.8375,2.3375,0.933333,0.508333,0.291667,2.3125,0.358333,1.725,2.575,2.808333,NA,1.825,0.8,3.829167,0.75,2.679167,NA,NA,1.895833,2.004348,1.420833,1.45,2.179167,-0.025,2.404167,2.141667,3.195833,1.545833,1.756522,3.370833,1.9625,3.566667,1.904167
28/09/2015,3.554167,2.33913,2.7,0.383333,1.879167,2.741667,3.681818,4.445455,3.991667,NA,NA,0.9375,2.658333,2.45,2.9125,2.158333,2.995833,3.741667,3.6125,0.775,1.658333,2.054167,1.945833,2.745833,3.725,1.320833,2.308696,2.604167,1.7875,3.066667,1.541667,4.070833,2.883333,3.429167,0.279167,NA,4.204167,3.1625,2.4125,4.304167,2.691667,2.45,2.166667,1.9875,2.6375,4.2625,3.545833,2.695833,2.158333,2.1625,4.4125,3.879167,2.329167,2.170833,NA,1.941667,0.933333,2.116667,3.541667,2.1,0.758333,3.517391,1.979167,3.054167,1.566667,2.825,3.875,1.979167,3.904167,4.4125,4.233333,4.845833,2.55,2.178261,2.791667,3.3125,3.4,1.395833,5.2375,4.754167,1.720833,1.445833,3.691667,3.991667,5.4375,3.016667,3,1.870833,3.304167,2.433333,1.908333,2.608333,3.891667,0.9375,2.179167,NA,2.375,4.758333,3.075,2.025,0.954167,0.5125,2.866667,0.966667,3.125,2.65,2.5125,NA,3.075,NA,4.316667,1.779167,2.108333,NA,NA,3.016667,3.533333,1.783333,1.983333,3.716667,-0.1375,3.125,3.5,3.658333,2.575,2.075,3.7,2.458333,3.0875,2.683333
29/09/2015,5.1,3.295833,3.258333,0.8875,2.8125,3.645833,2.533333,3.079167,4.291667,NA,NA,2.375,4.279167,2.55,3.558333,3.141667,3.6625,4.045833,3.983333,1.5375,2.158333,3.0125,2.441667,2.320833,2.883333,2.408333,3.129167,3.083333,2.558333,3.675,2.5125,4.658333,3.333333,3.45,1.2625,NA,5.533333,4.866667,2.758333,5.045833,4.070833,3.279167,2.433333,1.95,2.1125,5.275,4.279167,3.325,3.166667,2.95,4.858333,4.7,2.883333,2.6125,NA,2.904167,1.75,2.020833,4.0875,2.575,1.483333,4.075,2.629167,4.233333,2.3,3.7875,5.4875,3.3,3.616667,4.3,4.658333,4.295833,3.729167,2.729167,2.8125,3.608333,3.754167,2.545833,4.466667,4.429167,2.304167,1.883333,3.120833,2.858333,5.716667,3.679167,3.716667,2.85,4.145833,2.933333,2.708333,3.341667,4.908333,1.2,2.516667,3.795833,3.0375,4.383333,4.233333,2.8375,1.4125,0.8375,3.329167,1.425,3.095833,2.545833,3.9375,NA,3.333333,NA,4.970833,1.804167,3.379167,NA,NA,4.0125,4.6,2.320833,2.266667,3.1625,0.866667,3.716667,3.575,4.0625,3.054167,2.775,3.45,2.129167,3.7125,1.695652
30/09/2015,4.7375,3.429167,3.708333,1.625,2.704167,5.125,4.854167,5.870833,4.175,3.3,1.908333,2.529167,3.6375,3.679167,5.229167,3.9,NA,NA,4.7375,1.483333,2.320833,3.170833,2.641667,2.804167,2.890909,2.625,3.683333,4.25,3.166667,4.108333,2.379167,5.65,4.270833,3.566667,1.291667,2.291667,6.727273,5.804167,2.591667,4.216667,3.325,3.675,2.55,5.775,6.633333,5.425,4.683333,3.141667,3.55,3.158333,5.1625,4.520833,2.9,2.479167,NA,2.3125,1.904167,1.9125,3.795833,2.754167,1.225,4.008333,2.266667,3.716667,2.1,3.9625,5.091667,3.408333,3.370833,4.3625,3.904167,4.345833,3.029167,4.070833,3.225,4.529167,3.975,NA,4.454167,3.579167,2.46087,1.579167,3.295833,3.133333,4.6,3.2125,3.183333,2.420833,4.729167,3.283333,3.158333,3.3125,4.729167,1.670833,3.3375,2.875,3.070833,4.5,3.858333,2.504167,0.533333,1,3.366667,1.725,2.804167,3.4625,4.6125,NA,2.819048,1.641667,5.733333,3.070833,3.0625,3.682609,3.25,NA,3.995833,2.245833,1.666667,2.508333,0.8625,3.308333,3.741667,3.504167,3.845833,3.616667,3.3375,2.145833,3.65,2.054167
